0 verbose cli C:\Program Files\nodejs\node.exe C:\Program Files\nodejs\node_modules\npm\bin\npm-cli.js
1 info using npm@11.5.1
2 info using node@v24.6.0
3 silly config load:file:C:\Program Files\nodejs\node_modules\npm\npmrc
4 silly config load:file:C:\ctr\.npmrc
5 silly config load:file:C:\Users\Elitebook\.npmrc
6 silly config load:file:C:\ctr\%USERPROFILE%\AppData\Roaming\npm\etc\npmrc
7 verbose title npm update
8 verbose argv "update"
9 verbose logfile logs-max:10 dir:C:\ctr\%USERPROFILE%\AppData\Local\npm-cache\_logs\2026-06-01T00_28_04_307Z-
10 verbose logfile C:\ctr\%USERPROFILE%\AppData\Local\npm-cache\_logs\2026-06-01T00_28_04_307Z-debug-0.log
11 silly logfile done cleaning log files
12 silly packumentCache heap:2348810240 maxSize:587202560 maxEntrySize:293601280
13 silly idealTree buildDeps
14 silly fetch manifest @popperjs/core@^2.11.6
15 silly packumentCache full:https://registry.npmjs.org/@popperjs%2fcore cache-miss
16 verbose shrinkwrap failed to load node_modules/.package-lock.json out of date, updated: node_modules
17 http fetch GET 200 https://registry.npmjs.org/@popperjs%2fcore 1980ms (cache miss)
18 silly packumentCache full:https://registry.npmjs.org/@popperjs%2fcore set size:undefined disposed:false
19 silly fetch manifest autoprefixer@^10.4.20
20 silly packumentCache full:https://registry.npmjs.org/autoprefixer cache-miss
21 http fetch GET 200 https://registry.npmjs.org/autoprefixer 645ms (cache miss)
22 silly packumentCache full:https://registry.npmjs.org/autoprefixer set size:undefined disposed:false
23 silly fetch manifest postcss@^8.4.47
24 silly packumentCache full:https://registry.npmjs.org/postcss cache-miss
25 http fetch GET 200 https://registry.npmjs.org/postcss 497ms (cache miss)
26 silly packumentCache full:https://registry.npmjs.org/postcss set size:undefined disposed:false
27 silly fetch manifest axios@^1.7.4
28 silly packumentCache full:https://registry.npmjs.org/axios cache-miss
29 http fetch GET 200 https://registry.npmjs.org/axios 308ms (cache miss)
30 silly packumentCache full:https://registry.npmjs.org/axios set size:undefined disposed:false
31 silly fetch manifest bootstrap@^5.3.6
32 silly packumentCache full:https://registry.npmjs.org/bootstrap cache-miss
33 http fetch GET 200 https://registry.npmjs.org/bootstrap 278ms (cache miss)
34 silly packumentCache full:https://registry.npmjs.org/bootstrap set size:undefined disposed:false
35 silly fetch manifest bootstrap-icons@^1.11.3
36 silly packumentCache full:https://registry.npmjs.org/bootstrap-icons cache-miss
37 http fetch GET 200 https://registry.npmjs.org/bootstrap-icons 208ms (cache miss)
38 silly packumentCache full:https://registry.npmjs.org/bootstrap-icons set size:undefined disposed:false
39 silly fetch manifest concurrently@^9.0.1
40 silly packumentCache full:https://registry.npmjs.org/concurrently cache-miss
41 http fetch GET 200 https://registry.npmjs.org/concurrently 256ms (cache miss)
42 silly packumentCache full:https://registry.npmjs.org/concurrently set size:undefined disposed:false
43 silly fetch manifest laravel-vite-plugin@^1.2.0
44 silly packumentCache full:https://registry.npmjs.org/laravel-vite-plugin cache-miss
45 http fetch GET 200 https://registry.npmjs.org/laravel-vite-plugin 293ms (cache miss)
46 silly packumentCache full:https://registry.npmjs.org/laravel-vite-plugin set size:undefined disposed:false
47 silly fetch manifest vite@^6.0.11
48 silly packumentCache full:https://registry.npmjs.org/vite cache-miss
49 http fetch GET 200 https://registry.npmjs.org/vite 2023ms (cache miss)
50 silly packumentCache full:https://registry.npmjs.org/vite set size:undefined disposed:false
51 silly fetch manifest @types/node@^18.0.0 || ^20.0.0 || >=22.0.0
52 silly packumentCache full:https://registry.npmjs.org/@types%2fnode cache-miss
53 http fetch GET 200 https://registry.npmjs.org/@types%2fnode 729ms (cache miss)
54 silly packumentCache full:https://registry.npmjs.org/@types%2fnode set size:undefined disposed:false
55 silly fetch manifest jiti@>=1.21.0
56 silly packumentCache full:https://registry.npmjs.org/jiti cache-miss
57 http fetch GET 200 https://registry.npmjs.org/jiti 226ms (cache miss)
58 silly packumentCache full:https://registry.npmjs.org/jiti set size:undefined disposed:false
59 silly fetch manifest less@*
60 silly packumentCache full:https://registry.npmjs.org/less cache-miss
61 http fetch GET 200 https://registry.npmjs.org/less 374ms (cache miss)
62 silly packumentCache full:https://registry.npmjs.org/less set size:undefined disposed:false
63 silly fetch manifest lightningcss@^1.21.0
64 silly packumentCache full:https://registry.npmjs.org/lightningcss cache-miss
65 http fetch GET 200 https://registry.npmjs.org/lightningcss 257ms (cache miss)
66 silly packumentCache full:https://registry.npmjs.org/lightningcss set size:undefined disposed:false
67 silly fetch manifest sass@^1.56.1
68 silly packumentCache full:https://registry.npmjs.org/sass cache-miss
69 http fetch GET 200 https://registry.npmjs.org/sass 748ms (cache miss)
70 silly packumentCache full:https://registry.npmjs.org/sass set size:undefined disposed:false
71 silly fetch manifest sass-embedded@*
72 silly packumentCache full:https://registry.npmjs.org/sass-embedded cache-miss
73 http fetch GET 200 https://registry.npmjs.org/sass-embedded 330ms (cache miss)
74 silly packumentCache full:https://registry.npmjs.org/sass-embedded set size:undefined disposed:false
75 silly fetch manifest stylus@*
76 silly packumentCache full:https://registry.npmjs.org/stylus cache-miss
77 http fetch GET 200 https://registry.npmjs.org/stylus 397ms (cache miss)
78 silly packumentCache full:https://registry.npmjs.org/stylus set size:undefined disposed:false
79 silly fetch manifest sugarss@*
80 silly packumentCache full:https://registry.npmjs.org/sugarss cache-miss
81 http fetch GET 200 https://registry.npmjs.org/sugarss 328ms (cache miss)
82 silly packumentCache full:https://registry.npmjs.org/sugarss set size:undefined disposed:false
83 silly fetch manifest terser@^5.16.0
84 silly packumentCache full:https://registry.npmjs.org/terser cache-miss
85 http fetch GET 200 https://registry.npmjs.org/terser 327ms (cache miss)
86 silly packumentCache full:https://registry.npmjs.org/terser set size:undefined disposed:false
87 silly fetch manifest tsx@^4.8.1
88 silly packumentCache full:https://registry.npmjs.org/tsx cache-miss
89 http fetch GET 200 https://registry.npmjs.org/tsx 321ms (cache miss)
90 silly packumentCache full:https://registry.npmjs.org/tsx set size:undefined disposed:false
91 silly fetch manifest yaml@^2.4.2
92 silly packumentCache full:https://registry.npmjs.org/yaml cache-miss
93 http fetch GET 200 https://registry.npmjs.org/yaml 299ms (cache miss)
94 silly packumentCache full:https://registry.npmjs.org/yaml set size:undefined disposed:false
95 silly fetch manifest tailwindcss@^3.4.13
96 silly packumentCache full:https://registry.npmjs.org/tailwindcss cache-miss
97 http fetch GET 200 https://registry.npmjs.org/tailwindcss 666ms (cache miss)
98 silly packumentCache full:https://registry.npmjs.org/tailwindcss set size:undefined disposed:false
99 silly placeDep ROOT @popperjs/core@2.11.8 OK for:  want: ^2.11.6
100 silly placeDep ROOT autoprefixer@10.5.0 OK for:  want: ^10.4.20
101 silly placeDep ROOT postcss@8.5.15 OK for: autoprefixer@10.5.0 want: ^8.1.0
102 silly placeDep ROOT axios@1.16.1 OK for:  want: ^1.7.4
103 silly placeDep ROOT bootstrap@5.3.8 OK for:  want: ^5.3.6
104 silly placeDep ROOT bootstrap-icons@1.13.1 OK for:  want: ^1.11.3
105 silly placeDep ROOT concurrently@9.2.1 OK for:  want: ^9.0.1
106 silly placeDep ROOT laravel-vite-plugin@1.3.0 OK for:  want: ^1.2.0
107 silly placeDep ROOT vite@6.4.2 OK for: laravel-vite-plugin@1.3.0 want: ^5.0.0 || ^6.0.0
108 silly placeDep ROOT sass@1.100.0 OK for:  want: ^1.56.1
109 silly placeDep ROOT tailwindcss@3.4.19 OK for:  want: ^3.4.13
110 silly fetch manifest browserslist@^4.28.2
111 silly packumentCache full:https://registry.npmjs.org/browserslist cache-miss
112 silly fetch manifest caniuse-lite@^1.0.30001787
113 silly packumentCache full:https://registry.npmjs.org/caniuse-lite cache-miss
114 silly fetch manifest fraction.js@^5.3.4
115 silly packumentCache full:https://registry.npmjs.org/fraction.js cache-miss
116 silly fetch manifest picocolors@^1.1.1
117 silly packumentCache full:https://registry.npmjs.org/picocolors cache-miss
118 silly fetch manifest postcss-value-parser@^4.2.0
119 silly packumentCache full:https://registry.npmjs.org/postcss-value-parser cache-miss
120 silly fetch manifest nanoid@^3.3.12
121 silly packumentCache full:https://registry.npmjs.org/nanoid cache-miss
122 silly fetch manifest picocolors@^1.1.1
123 silly packumentCache full:https://registry.npmjs.org/picocolors cache-miss
124 http fetch GET 200 https://registry.npmjs.org/browserslist 304ms (cache miss)
125 silly packumentCache full:https://registry.npmjs.org/browserslist set size:undefined disposed:false
126 silly fetch manifest source-map-js@^1.2.1
127 silly packumentCache full:https://registry.npmjs.org/source-map-js cache-miss
128 http fetch GET 200 https://registry.npmjs.org/source-map-js 199ms (cache miss)
129 silly packumentCache full:https://registry.npmjs.org/source-map-js set size:undefined disposed:false
130 silly fetch manifest follow-redirects@^1.16.0
131 silly packumentCache full:https://registry.npmjs.org/follow-redirects cache-miss
132 http fetch GET 200 https://registry.npmjs.org/fraction.js 755ms (cache miss)
133 silly packumentCache full:https://registry.npmjs.org/fraction.js set size:undefined disposed:false
134 silly fetch manifest form-data@^4.0.5
135 silly packumentCache full:https://registry.npmjs.org/form-data cache-miss
136 http fetch GET 200 https://registry.npmjs.org/picocolors 808ms (cache miss)
137 silly packumentCache full:https://registry.npmjs.org/picocolors set size:undefined disposed:false
138 silly fetch manifest https-proxy-agent@^5.0.1
139 silly packumentCache full:https://registry.npmjs.org/https-proxy-agent cache-miss
140 http fetch GET 200 https://registry.npmjs.org/picocolors 826ms (cache miss)
141 silly packumentCache full:https://registry.npmjs.org/picocolors set size:undefined disposed:false
142 silly fetch manifest proxy-from-env@^2.1.0
143 silly packumentCache full:https://registry.npmjs.org/proxy-from-env cache-miss
144 http fetch GET 200 https://registry.npmjs.org/postcss-value-parser 828ms (cache miss)
145 silly packumentCache full:https://registry.npmjs.org/postcss-value-parser set size:undefined disposed:false
146 silly fetch manifest rxjs@7.8.2
147 silly packumentCache full:https://registry.npmjs.org/rxjs cache-miss
148 http fetch GET 200 https://registry.npmjs.org/follow-redirects 328ms (cache miss)
149 silly packumentCache full:https://registry.npmjs.org/follow-redirects set size:undefined disposed:false
150 silly fetch manifest chalk@4.1.2
151 silly packumentCache full:https://registry.npmjs.org/chalk cache-miss
152 http fetch GET 200 https://registry.npmjs.org/nanoid 1015ms (cache miss)
153 silly packumentCache full:https://registry.npmjs.org/nanoid set size:undefined disposed:false
154 silly fetch manifest yargs@17.7.2
155 silly packumentCache full:https://registry.npmjs.org/yargs cache-miss
156 http fetch GET 200 https://registry.npmjs.org/proxy-from-env 243ms (cache miss)
157 silly packumentCache full:https://registry.npmjs.org/proxy-from-env set size:undefined disposed:false
158 silly fetch manifest tree-kill@1.2.2
159 silly packumentCache full:https://registry.npmjs.org/tree-kill cache-miss
160 http fetch GET 200 https://registry.npmjs.org/https-proxy-agent 267ms (cache miss)
161 silly packumentCache full:https://registry.npmjs.org/https-proxy-agent set size:undefined disposed:false
162 silly fetch manifest shell-quote@1.8.3
163 silly packumentCache full:https://registry.npmjs.org/shell-quote cache-miss
164 http fetch GET 200 https://registry.npmjs.org/form-data 326ms (cache miss)
165 silly packumentCache full:https://registry.npmjs.org/form-data set size:undefined disposed:false
166 silly fetch manifest supports-color@8.1.1
167 silly packumentCache full:https://registry.npmjs.org/supports-color cache-miss
168 http fetch GET 200 https://registry.npmjs.org/chalk 288ms (cache miss)
169 silly packumentCache full:https://registry.npmjs.org/chalk set size:undefined disposed:false
170 silly fetch manifest picocolors@^1.0.0
171 silly packumentCache full:https://registry.npmjs.org/picocolors cache-miss
172 http cache https://registry.npmjs.org/picocolors 22ms (cache hit)
173 silly packumentCache full:https://registry.npmjs.org/picocolors set size:16648 disposed:false
174 silly fetch manifest vite-plugin-full-reload@^1.1.0
175 silly packumentCache full:https://registry.npmjs.org/vite-plugin-full-reload cache-miss
176 http fetch GET 200 https://registry.npmjs.org/tree-kill 212ms (cache miss)
177 silly packumentCache full:https://registry.npmjs.org/tree-kill set size:undefined disposed:false
178 silly fetch manifest fdir@^6.4.4
179 silly packumentCache full:https://registry.npmjs.org/fdir cache-miss
180 http fetch GET 200 https://registry.npmjs.org/rxjs 473ms (cache miss)
181 silly packumentCache full:https://registry.npmjs.org/rxjs set size:undefined disposed:false
182 silly fetch manifest rollup@^4.34.9
183 silly packumentCache full:https://registry.npmjs.org/rollup cache-miss
184 http fetch GET 200 https://registry.npmjs.org/shell-quote 268ms (cache miss)
185 silly packumentCache full:https://registry.npmjs.org/shell-quote set size:undefined disposed:false
186 silly fetch manifest esbuild@^0.25.0
187 silly packumentCache full:https://registry.npmjs.org/esbuild cache-miss
188 http fetch GET 200 https://registry.npmjs.org/supports-color 294ms (cache miss)
189 silly packumentCache full:https://registry.npmjs.org/supports-color set size:undefined disposed:false
190 silly fetch manifest picomatch@^4.0.2
191 silly packumentCache full:https://registry.npmjs.org/picomatch cache-miss
192 http fetch GET 200 https://registry.npmjs.org/vite-plugin-full-reload 236ms (cache miss)
193 silly packumentCache full:https://registry.npmjs.org/vite-plugin-full-reload set size:undefined disposed:false
194 silly fetch manifest tinyglobby@^0.2.13
195 silly packumentCache full:https://registry.npmjs.org/tinyglobby cache-miss
196 http fetch GET 200 https://registry.npmjs.org/yargs 381ms (cache miss)
197 silly packumentCache full:https://registry.npmjs.org/yargs set size:undefined disposed:false
198 silly fetch manifest fsevents@~2.3.3
199 silly packumentCache full:https://registry.npmjs.org/fsevents cache-miss
200 http fetch GET 200 https://registry.npmjs.org/caniuse-lite 1434ms (cache miss)
201 silly packumentCache full:https://registry.npmjs.org/caniuse-lite set size:undefined disposed:false
202 silly fetch manifest chokidar@^5.0.0
203 silly packumentCache full:https://registry.npmjs.org/chokidar cache-miss
204 http fetch GET 200 https://registry.npmjs.org/fdir 213ms (cache miss)
205 silly packumentCache full:https://registry.npmjs.org/fdir set size:undefined disposed:false
206 silly fetch manifest immutable@^5.1.5
207 silly packumentCache full:https://registry.npmjs.org/immutable cache-miss
208 http fetch GET 200 https://registry.npmjs.org/tinyglobby 267ms (cache miss)
209 silly packumentCache full:https://registry.npmjs.org/tinyglobby set size:undefined disposed:false
210 silly fetch manifest source-map-js@>=0.6.2 <2.0.0
211 silly packumentCache full:https://registry.npmjs.org/source-map-js cache-miss
212 http fetch GET 200 https://registry.npmjs.org/fsevents 269ms (cache miss)
213 silly packumentCache full:https://registry.npmjs.org/fsevents set size:undefined disposed:false
214 silly fetch manifest @parcel/watcher@^2.4.1
215 silly packumentCache full:https://registry.npmjs.org/@parcel%2fwatcher cache-miss
216 http fetch GET 200 https://registry.npmjs.org/picomatch 323ms (cache miss)
217 silly packumentCache full:https://registry.npmjs.org/picomatch set size:undefined disposed:false
218 silly fetch manifest arg@^5.0.2
219 silly packumentCache full:https://registry.npmjs.org/arg cache-miss
220 http cache https://registry.npmjs.org/source-map-js 67ms (cache hit)
221 silly packumentCache full:https://registry.npmjs.org/source-map-js set size:62640 disposed:false
222 silly fetch manifest dlv@^1.1.3
223 silly packumentCache full:https://registry.npmjs.org/dlv cache-miss
224 http fetch GET 200 https://registry.npmjs.org/chokidar 307ms (cache miss)
225 silly packumentCache full:https://registry.npmjs.org/chokidar set size:undefined disposed:false
226 silly fetch manifest jiti@^1.21.7
227 silly packumentCache full:https://registry.npmjs.org/jiti cache-miss
228 http fetch GET 200 https://registry.npmjs.org/immutable 270ms (cache miss)
229 silly packumentCache full:https://registry.npmjs.org/immutable set size:undefined disposed:false
230 silly fetch manifest is-glob@^4.0.3
231 silly packumentCache full:https://registry.npmjs.org/is-glob cache-miss
232 http cache https://registry.npmjs.org/jiti 29ms (cache hit)
233 silly packumentCache full:https://registry.npmjs.org/jiti set size:387989 disposed:false
234 silly fetch manifest resolve@^1.22.8
235 silly packumentCache full:https://registry.npmjs.org/resolve cache-miss
236 http fetch GET 200 https://registry.npmjs.org/arg 247ms (cache miss)
237 silly packumentCache full:https://registry.npmjs.org/arg set size:undefined disposed:false
238 silly fetch manifest sucrase@^3.35.0
239 silly packumentCache full:https://registry.npmjs.org/sucrase cache-miss
240 http fetch GET 200 https://registry.npmjs.org/@parcel%2fwatcher 273ms (cache miss)
241 silly packumentCache full:https://registry.npmjs.org/@parcel%2fwatcher set size:undefined disposed:false
242 silly fetch manifest chokidar@^3.6.0
243 silly packumentCache full:https://registry.npmjs.org/chokidar cache-miss
244 http cache https://registry.npmjs.org/chokidar 49ms (cache hit)
245 silly packumentCache full:https://registry.npmjs.org/chokidar set size:255902 disposed:false
246 silly fetch manifest fast-glob@^3.3.2
247 silly packumentCache full:https://registry.npmjs.org/fast-glob cache-miss
248 http fetch GET 200 https://registry.npmjs.org/dlv 292ms (cache miss)
249 silly packumentCache full:https://registry.npmjs.org/dlv set size:undefined disposed:false
250 silly fetch manifest lilconfig@^3.1.3
251 silly packumentCache full:https://registry.npmjs.org/lilconfig cache-miss
252 http fetch GET 200 https://registry.npmjs.org/is-glob 264ms (cache miss)
253 silly packumentCache full:https://registry.npmjs.org/is-glob set size:undefined disposed:false
254 silly fetch manifest didyoumean@^1.2.2
255 silly packumentCache full:https://registry.npmjs.org/didyoumean cache-miss
256 http fetch GET 200 https://registry.npmjs.org/resolve 326ms (cache miss)
257 silly packumentCache full:https://registry.npmjs.org/resolve set size:undefined disposed:false
258 silly fetch manifest micromatch@^4.0.8
259 silly packumentCache full:https://registry.npmjs.org/micromatch cache-miss
260 http fetch GET 200 https://registry.npmjs.org/esbuild 806ms (cache miss)
261 silly packumentCache full:https://registry.npmjs.org/esbuild set size:undefined disposed:false
262 silly fetch manifest postcss-js@^4.0.1
263 silly packumentCache full:https://registry.npmjs.org/postcss-js cache-miss
264 http fetch GET 200 https://registry.npmjs.org/rollup 865ms (cache miss)
265 silly packumentCache full:https://registry.npmjs.org/rollup set size:undefined disposed:false
266 silly fetch manifest glob-parent@^6.0.2
267 silly packumentCache full:https://registry.npmjs.org/glob-parent cache-miss
268 http fetch GET 200 https://registry.npmjs.org/didyoumean 416ms (cache miss)
269 silly packumentCache full:https://registry.npmjs.org/didyoumean set size:undefined disposed:false
270 silly fetch manifest object-hash@^3.0.0
271 silly packumentCache full:https://registry.npmjs.org/object-hash cache-miss
272 http fetch GET 200 https://registry.npmjs.org/lilconfig 488ms (cache miss)
273 silly packumentCache full:https://registry.npmjs.org/lilconfig set size:undefined disposed:false
274 silly fetch manifest normalize-path@^3.0.0
275 silly packumentCache full:https://registry.npmjs.org/normalize-path cache-miss
276 http fetch GET 200 https://registry.npmjs.org/postcss-js 362ms (cache miss)
277 silly packumentCache full:https://registry.npmjs.org/postcss-js set size:undefined disposed:false
278 silly fetch manifest postcss-import@^15.1.0
279 silly packumentCache full:https://registry.npmjs.org/postcss-import cache-miss
280 http fetch GET 200 https://registry.npmjs.org/fast-glob 529ms (cache miss)
281 silly packumentCache full:https://registry.npmjs.org/fast-glob set size:undefined disposed:false
282 silly fetch manifest postcss-nested@^6.2.0
283 silly packumentCache full:https://registry.npmjs.org/postcss-nested cache-miss
284 http fetch GET 200 https://registry.npmjs.org/micromatch 444ms (cache miss)
285 silly packumentCache full:https://registry.npmjs.org/micromatch set size:undefined disposed:false
286 silly fetch manifest @alloc/quick-lru@^5.2.0
287 silly packumentCache full:https://registry.npmjs.org/@alloc%2fquick-lru cache-miss
288 http fetch GET 200 https://registry.npmjs.org/sucrase 637ms (cache miss)
289 silly packumentCache full:https://registry.npmjs.org/sucrase set size:undefined disposed:false
290 silly fetch manifest postcss-load-config@^4.0.2 || ^5.0 || ^6.0
291 silly packumentCache full:https://registry.npmjs.org/postcss-load-config cache-miss
292 http fetch GET 200 https://registry.npmjs.org/glob-parent 291ms (cache miss)
293 silly packumentCache full:https://registry.npmjs.org/glob-parent set size:undefined disposed:false
294 silly fetch manifest postcss-selector-parser@^6.1.2
295 silly packumentCache full:https://registry.npmjs.org/postcss-selector-parser cache-miss
296 http fetch GET 200 https://registry.npmjs.org/object-hash 219ms (cache miss)
297 silly packumentCache full:https://registry.npmjs.org/object-hash set size:undefined disposed:false
298 http fetch GET 200 https://registry.npmjs.org/normalize-path 199ms (cache miss)
299 silly packumentCache full:https://registry.npmjs.org/normalize-path set size:undefined disposed:false
300 http fetch GET 200 https://registry.npmjs.org/postcss-import 219ms (cache miss)
301 silly packumentCache full:https://registry.npmjs.org/postcss-import set size:undefined disposed:false
302 http fetch GET 200 https://registry.npmjs.org/@alloc%2fquick-lru 218ms (cache miss)
303 silly packumentCache full:https://registry.npmjs.org/@alloc%2fquick-lru set size:undefined disposed:false
304 http fetch GET 200 https://registry.npmjs.org/postcss-load-config 220ms (cache miss)
305 silly packumentCache full:https://registry.npmjs.org/postcss-load-config set size:undefined disposed:false
306 http fetch GET 200 https://registry.npmjs.org/postcss-selector-parser 244ms (cache miss)
307 silly packumentCache full:https://registry.npmjs.org/postcss-selector-parser set size:undefined disposed:false
308 http fetch GET 200 https://registry.npmjs.org/postcss-nested 350ms (cache miss)
309 silly packumentCache full:https://registry.npmjs.org/postcss-nested set size:undefined disposed:false
310 silly placeDep ROOT browserslist@4.28.2 OK for: autoprefixer@10.5.0 want: ^4.28.2
311 silly placeDep ROOT caniuse-lite@1.0.30001793 OK for: autoprefixer@10.5.0 want: ^1.0.30001787
312 silly placeDep ROOT fraction.js@5.3.4 OK for: autoprefixer@10.5.0 want: ^5.3.4
313 silly placeDep ROOT picocolors@1.1.1 OK for: autoprefixer@10.5.0 want: ^1.1.1
314 silly placeDep ROOT postcss-value-parser@4.2.0 OK for: autoprefixer@10.5.0 want: ^4.2.0
315 silly fetch manifest baseline-browser-mapping@^2.10.12
316 silly packumentCache full:https://registry.npmjs.org/baseline-browser-mapping cache-miss
317 silly fetch manifest caniuse-lite@^1.0.30001782
318 silly packumentCache full:https://registry.npmjs.org/caniuse-lite cache-miss
319 silly fetch manifest electron-to-chromium@^1.5.328
320 silly packumentCache full:https://registry.npmjs.org/electron-to-chromium cache-miss
321 silly fetch manifest node-releases@^2.0.36
322 silly packumentCache full:https://registry.npmjs.org/node-releases cache-miss
323 silly fetch manifest update-browserslist-db@^1.2.3
324 silly packumentCache full:https://registry.npmjs.org/update-browserslist-db cache-miss
325 http cache https://registry.npmjs.org/caniuse-lite 34ms (cache hit)
326 silly packumentCache full:https://registry.npmjs.org/caniuse-lite set size:2293068 disposed:false
327 http fetch GET 200 https://registry.npmjs.org/update-browserslist-db 284ms (cache miss)
328 silly packumentCache full:https://registry.npmjs.org/update-browserslist-db set size:undefined disposed:false
329 http fetch GET 200 https://registry.npmjs.org/baseline-browser-mapping 300ms (cache miss)
330 silly packumentCache full:https://registry.npmjs.org/baseline-browser-mapping set size:undefined disposed:false
331 http fetch GET 200 https://registry.npmjs.org/node-releases 663ms (cache miss)
332 silly packumentCache full:https://registry.npmjs.org/node-releases set size:undefined disposed:false
333 http fetch GET 200 https://registry.npmjs.org/electron-to-chromium 679ms (cache miss)
334 silly packumentCache full:https://registry.npmjs.org/electron-to-chromium set size:undefined disposed:false
335 silly placeDep ROOT follow-redirects@1.16.0 OK for: axios@1.16.1 want: ^1.16.0
336 silly placeDep ROOT form-data@4.0.5 OK for: axios@1.16.1 want: ^4.0.5
337 silly placeDep ROOT https-proxy-agent@5.0.1 OK for: axios@1.16.1 want: ^5.0.1
338 silly placeDep ROOT proxy-from-env@2.1.0 OK for: axios@1.16.1 want: ^2.1.0
339 silly fetch manifest asynckit@^0.4.0
340 silly packumentCache full:https://registry.npmjs.org/asynckit cache-miss
341 silly fetch manifest combined-stream@^1.0.8
342 silly packumentCache full:https://registry.npmjs.org/combined-stream cache-miss
343 silly fetch manifest es-set-tostringtag@^2.1.0
344 silly packumentCache full:https://registry.npmjs.org/es-set-tostringtag cache-miss
345 silly fetch manifest hasown@^2.0.2
346 silly packumentCache full:https://registry.npmjs.org/hasown cache-miss
347 silly fetch manifest mime-types@^2.1.12
348 silly packumentCache full:https://registry.npmjs.org/mime-types cache-miss
349 silly fetch manifest debug@4
350 silly packumentCache full:https://registry.npmjs.org/debug cache-miss
351 silly fetch manifest agent-base@6
352 silly packumentCache full:https://registry.npmjs.org/agent-base cache-miss
353 http fetch GET 200 https://registry.npmjs.org/hasown 276ms (cache miss)
354 silly packumentCache full:https://registry.npmjs.org/hasown set size:undefined disposed:false
355 http fetch GET 200 https://registry.npmjs.org/asynckit 291ms (cache miss)
356 silly packumentCache full:https://registry.npmjs.org/asynckit set size:undefined disposed:false
357 http fetch GET 200 https://registry.npmjs.org/es-set-tostringtag 299ms (cache miss)
358 silly packumentCache full:https://registry.npmjs.org/es-set-tostringtag set size:undefined disposed:false
359 http fetch GET 200 https://registry.npmjs.org/combined-stream 306ms (cache miss)
360 silly packumentCache full:https://registry.npmjs.org/combined-stream set size:undefined disposed:false
361 http fetch GET 200 https://registry.npmjs.org/mime-types 314ms (cache miss)
362 silly packumentCache full:https://registry.npmjs.org/mime-types set size:undefined disposed:false
363 http fetch GET 200 https://registry.npmjs.org/agent-base 331ms (cache miss)
364 silly packumentCache full:https://registry.npmjs.org/agent-base set size:undefined disposed:false
365 http fetch GET 200 https://registry.npmjs.org/debug 335ms (cache miss)
366 silly packumentCache full:https://registry.npmjs.org/debug set size:undefined disposed:false
367 silly fetch manifest browserslist@>= 4.21.0
368 silly packumentCache full:https://registry.npmjs.org/browserslist cache-miss
369 http cache https://registry.npmjs.org/browserslist 20ms (cache hit)
370 silly packumentCache full:https://registry.npmjs.org/browserslist set size:504681 disposed:false
371 silly placeDep ROOT baseline-browser-mapping@2.10.33 OK for: browserslist@4.28.2 want: ^2.10.12
372 silly placeDep ROOT electron-to-chromium@1.5.364 OK for: browserslist@4.28.2 want: ^1.5.328
373 silly placeDep ROOT node-releases@2.0.46 OK for: browserslist@4.28.2 want: ^2.0.36
374 silly placeDep ROOT update-browserslist-db@1.2.3 OK for: browserslist@4.28.2 want: ^1.2.3
375 silly fetch manifest escalade@^3.2.0
376 silly packumentCache full:https://registry.npmjs.org/escalade cache-miss
377 http fetch GET 200 https://registry.npmjs.org/escalade 302ms (cache miss)
378 silly packumentCache full:https://registry.npmjs.org/escalade set size:undefined disposed:false
379 silly placeDep ROOT chalk@4.1.2 OK for: concurrently@9.2.1 want: 4.1.2
380 silly placeDep ROOT rxjs@7.8.2 OK for: concurrently@9.2.1 want: 7.8.2
381 silly placeDep ROOT shell-quote@1.8.3 OK for: concurrently@9.2.1 want: 1.8.3
382 silly placeDep ROOT supports-color@8.1.1 OK for: concurrently@9.2.1 want: 8.1.1
383 silly placeDep ROOT tree-kill@1.2.2 OK for: concurrently@9.2.1 want: 1.2.2
384 silly placeDep ROOT yargs@17.7.2 OK for: concurrently@9.2.1 want: 17.7.2
385 silly fetch manifest ansi-styles@^4.1.0
386 silly packumentCache full:https://registry.npmjs.org/ansi-styles cache-miss
387 silly fetch manifest supports-color@^7.1.0
388 silly packumentCache full:https://registry.npmjs.org/supports-color cache-miss
389 silly fetch manifest tslib@^2.1.0
390 silly packumentCache full:https://registry.npmjs.org/tslib cache-miss
391 silly fetch manifest has-flag@^4.0.0
392 silly packumentCache full:https://registry.npmjs.org/has-flag cache-miss
393 silly fetch manifest y18n@^5.0.5
394 silly packumentCache full:https://registry.npmjs.org/y18n cache-miss
395 silly fetch manifest cliui@^8.0.1
396 silly packumentCache full:https://registry.npmjs.org/cliui cache-miss
397 silly fetch manifest escalade@^3.1.1
398 silly packumentCache full:https://registry.npmjs.org/escalade cache-miss
399 http cache https://registry.npmjs.org/supports-color 32ms (cache hit)
400 silly packumentCache full:https://registry.npmjs.org/supports-color set size:118680 disposed:false
401 silly fetch manifest string-width@^4.2.3
402 silly packumentCache full:https://registry.npmjs.org/string-width cache-miss
403 http cache https://registry.npmjs.org/escalade 38ms (cache hit)
404 silly packumentCache full:https://registry.npmjs.org/escalade set size:33724 disposed:false
405 silly fetch manifest yargs-parser@^21.1.1
406 silly packumentCache full:https://registry.npmjs.org/yargs-parser cache-miss
407 http fetch GET 200 https://registry.npmjs.org/has-flag 393ms (cache miss)
408 silly packumentCache full:https://registry.npmjs.org/has-flag set size:undefined disposed:false
409 silly fetch manifest get-caller-file@^2.0.5
410 silly packumentCache full:https://registry.npmjs.org/get-caller-file cache-miss
411 http fetch GET 200 https://registry.npmjs.org/y18n 404ms (cache miss)
412 silly packumentCache full:https://registry.npmjs.org/y18n set size:undefined disposed:false
413 silly fetch manifest require-directory@^2.1.1
414 silly packumentCache full:https://registry.npmjs.org/require-directory cache-miss
415 http fetch GET 200 https://registry.npmjs.org/ansi-styles 423ms (cache miss)
416 silly packumentCache full:https://registry.npmjs.org/ansi-styles set size:undefined disposed:false
417 http fetch GET 200 https://registry.npmjs.org/cliui 425ms (cache miss)
418 silly packumentCache full:https://registry.npmjs.org/cliui set size:undefined disposed:false
419 http fetch GET 200 https://registry.npmjs.org/tslib 432ms (cache miss)
420 silly packumentCache full:https://registry.npmjs.org/tslib set size:undefined disposed:false
421 http fetch GET 200 https://registry.npmjs.org/string-width 402ms (cache miss)
422 silly packumentCache full:https://registry.npmjs.org/string-width set size:undefined disposed:false
423 http fetch GET 200 https://registry.npmjs.org/yargs-parser 402ms (cache miss)
424 silly packumentCache full:https://registry.npmjs.org/yargs-parser set size:undefined disposed:false
425 http fetch GET 200 https://registry.npmjs.org/get-caller-file 638ms (cache miss)
426 silly packumentCache full:https://registry.npmjs.org/get-caller-file set size:undefined disposed:false
427 http fetch GET 200 https://registry.npmjs.org/require-directory 630ms (cache miss)
428 silly packumentCache full:https://registry.npmjs.org/require-directory set size:undefined disposed:false
429 silly placeDep ROOT ansi-styles@4.3.0 OK for: chalk@4.1.2 want: ^4.1.0
430 silly placeDep node_modules/chalk supports-color@7.2.0 OK for: chalk@4.1.2 want: ^7.1.0
431 silly fetch manifest color-convert@^2.0.1
432 silly packumentCache full:https://registry.npmjs.org/color-convert cache-miss
433 http fetch GET 200 https://registry.npmjs.org/color-convert 207ms (cache miss)
434 silly packumentCache full:https://registry.npmjs.org/color-convert set size:undefined disposed:false
435 silly placeDep ROOT color-convert@2.0.1 OK for: ansi-styles@4.3.0 want: ^2.0.1
436 silly fetch manifest color-name@~1.1.4
437 silly packumentCache full:https://registry.npmjs.org/color-name cache-miss
438 http fetch GET 200 https://registry.npmjs.org/color-name 332ms (cache miss)
439 silly packumentCache full:https://registry.npmjs.org/color-name set size:undefined disposed:false
440 silly placeDep ROOT color-name@1.1.4 OK for: color-convert@2.0.1 want: ~1.1.4
441 silly placeDep ROOT asynckit@0.4.0 OK for: form-data@4.0.5 want: ^0.4.0
442 silly placeDep ROOT combined-stream@1.0.8 OK for: form-data@4.0.5 want: ^1.0.8
443 silly placeDep ROOT es-set-tostringtag@2.1.0 OK for: form-data@4.0.5 want: ^2.1.0
444 silly placeDep ROOT hasown@2.0.4 OK for: form-data@4.0.5 want: ^2.0.2
445 silly placeDep ROOT mime-types@2.1.35 OK for: form-data@4.0.5 want: ^2.1.12
446 silly fetch manifest delayed-stream@~1.0.0
447 silly packumentCache full:https://registry.npmjs.org/delayed-stream cache-miss
448 silly fetch manifest es-errors@^1.3.0
449 silly packumentCache full:https://registry.npmjs.org/es-errors cache-miss
450 silly fetch manifest get-intrinsic@^1.2.6
451 silly packumentCache full:https://registry.npmjs.org/get-intrinsic cache-miss
452 silly fetch manifest has-tostringtag@^1.0.2
453 silly packumentCache full:https://registry.npmjs.org/has-tostringtag cache-miss
454 silly fetch manifest function-bind@^1.1.2
455 silly packumentCache full:https://registry.npmjs.org/function-bind cache-miss
456 silly fetch manifest mime-db@1.52.0
457 silly packumentCache full:https://registry.npmjs.org/mime-db cache-miss
458 http fetch GET 200 https://registry.npmjs.org/function-bind 300ms (cache miss)
459 silly packumentCache full:https://registry.npmjs.org/function-bind set size:undefined disposed:false
460 http fetch GET 200 https://registry.npmjs.org/has-tostringtag 305ms (cache miss)
461 silly packumentCache full:https://registry.npmjs.org/has-tostringtag set size:undefined disposed:false
462 http fetch GET 200 https://registry.npmjs.org/delayed-stream 312ms (cache miss)
463 silly packumentCache full:https://registry.npmjs.org/delayed-stream set size:undefined disposed:false
464 http fetch GET 200 https://registry.npmjs.org/mime-db 306ms (cache miss)
465 silly packumentCache full:https://registry.npmjs.org/mime-db set size:undefined disposed:false
466 http fetch GET 200 https://registry.npmjs.org/es-errors 316ms (cache miss)
467 silly packumentCache full:https://registry.npmjs.org/es-errors set size:undefined disposed:false
468 http fetch GET 200 https://registry.npmjs.org/get-intrinsic 317ms (cache miss)
469 silly packumentCache full:https://registry.npmjs.org/get-intrinsic set size:undefined disposed:false
470 silly placeDep ROOT delayed-stream@1.0.0 OK for: combined-stream@1.0.8 want: ~1.0.0
471 silly placeDep ROOT es-errors@1.3.0 OK for: es-set-tostringtag@2.1.0 want: ^1.3.0
472 silly placeDep ROOT get-intrinsic@1.3.0 OK for: es-set-tostringtag@2.1.0 want: ^1.2.6
473 silly placeDep ROOT has-tostringtag@1.0.2 OK for: es-set-tostringtag@2.1.0 want: ^1.0.2
474 silly fetch manifest gopd@^1.2.0
475 silly packumentCache full:https://registry.npmjs.org/gopd cache-miss
476 silly fetch manifest get-proto@^1.0.1
477 silly packumentCache full:https://registry.npmjs.org/get-proto cache-miss
478 silly fetch manifest has-symbols@^1.1.0
479 silly packumentCache full:https://registry.npmjs.org/has-symbols cache-miss
480 silly fetch manifest es-object-atoms@^1.1.1
481 silly packumentCache full:https://registry.npmjs.org/es-object-atoms cache-miss
482 silly fetch manifest math-intrinsics@^1.1.0
483 silly packumentCache full:https://registry.npmjs.org/math-intrinsics cache-miss
484 silly fetch manifest es-define-property@^1.0.1
485 silly packumentCache full:https://registry.npmjs.org/es-define-property cache-miss
486 silly fetch manifest call-bind-apply-helpers@^1.0.2
487 silly packumentCache full:https://registry.npmjs.org/call-bind-apply-helpers cache-miss
488 http fetch GET 200 https://registry.npmjs.org/call-bind-apply-helpers 302ms (cache miss)
489 silly packumentCache full:https://registry.npmjs.org/call-bind-apply-helpers set size:undefined disposed:false
490 silly fetch manifest has-symbols@^1.0.3
491 silly packumentCache full:https://registry.npmjs.org/has-symbols cache-miss
492 http fetch GET 200 https://registry.npmjs.org/es-object-atoms 320ms (cache miss)
493 silly packumentCache full:https://registry.npmjs.org/es-object-atoms set size:undefined disposed:false
494 http fetch GET 200 https://registry.npmjs.org/math-intrinsics 321ms (cache miss)
495 silly packumentCache full:https://registry.npmjs.org/math-intrinsics set size:undefined disposed:false
496 http fetch GET 200 https://registry.npmjs.org/has-symbols 326ms (cache miss)
497 silly packumentCache full:https://registry.npmjs.org/has-symbols set size:undefined disposed:false
498 http fetch GET 200 https://registry.npmjs.org/es-define-property 332ms (cache miss)
499 silly packumentCache full:https://registry.npmjs.org/es-define-property set size:undefined disposed:false
500 http fetch GET 200 https://registry.npmjs.org/get-proto 336ms (cache miss)
501 silly packumentCache full:https://registry.npmjs.org/get-proto set size:undefined disposed:false
502 http fetch GET 200 https://registry.npmjs.org/gopd 341ms (cache miss)
503 silly packumentCache full:https://registry.npmjs.org/gopd set size:undefined disposed:false
504 http cache https://registry.npmjs.org/has-symbols 41ms (cache hit)
505 silly packumentCache full:https://registry.npmjs.org/has-symbols set size:21550 disposed:false
506 silly placeDep ROOT call-bind-apply-helpers@1.0.2 OK for: get-intrinsic@1.3.0 want: ^1.0.2
507 silly placeDep ROOT es-define-property@1.0.1 OK for: get-intrinsic@1.3.0 want: ^1.0.1
508 silly placeDep ROOT es-object-atoms@1.1.2 OK for: get-intrinsic@1.3.0 want: ^1.1.1
509 silly placeDep ROOT function-bind@1.1.2 OK for: get-intrinsic@1.3.0 want: ^1.1.2
510 silly placeDep ROOT get-proto@1.0.1 OK for: get-intrinsic@1.3.0 want: ^1.0.1
511 silly placeDep ROOT gopd@1.2.0 OK for: get-intrinsic@1.3.0 want: ^1.2.0
512 silly placeDep ROOT has-symbols@1.1.0 OK for: get-intrinsic@1.3.0 want: ^1.1.0
513 silly placeDep ROOT math-intrinsics@1.1.0 OK for: get-intrinsic@1.3.0 want: ^1.1.0
514 silly fetch manifest dunder-proto@^1.0.1
515 silly packumentCache full:https://registry.npmjs.org/dunder-proto cache-miss
516 http fetch GET 200 https://registry.npmjs.org/dunder-proto 353ms (cache miss)
517 silly packumentCache full:https://registry.npmjs.org/dunder-proto set size:undefined disposed:false
518 silly placeDep ROOT dunder-proto@1.0.1 OK for: get-proto@1.0.1 want: ^1.0.1
519 silly placeDep ROOT agent-base@6.0.2 OK for: https-proxy-agent@5.0.1 want: 6
520 silly placeDep ROOT debug@4.4.3 OK for: https-proxy-agent@5.0.1 want: 4
521 silly fetch manifest ms@^2.1.3
522 silly packumentCache full:https://registry.npmjs.org/ms cache-miss
523 http fetch GET 200 https://registry.npmjs.org/ms 408ms (cache miss)
524 silly packumentCache full:https://registry.npmjs.org/ms set size:undefined disposed:false
525 silly placeDep ROOT ms@2.1.3 OK for: debug@4.4.3 want: ^2.1.3
526 silly placeDep ROOT vite-plugin-full-reload@1.2.0 OK for: laravel-vite-plugin@1.3.0 want: ^1.1.0
527 silly fetch manifest picomatch@^2.3.1
528 silly packumentCache full:https://registry.npmjs.org/picomatch cache-miss
529 http cache https://registry.npmjs.org/picomatch 15ms (cache hit)
530 silly packumentCache full:https://registry.npmjs.org/picomatch set size:126376 disposed:false
531 silly placeDep ROOT mime-db@1.52.0 OK for: mime-types@2.1.35 want: 1.52.0
532 silly placeDep ROOT nanoid@3.3.12 OK for: postcss@8.5.15 want: ^3.3.12
533 silly placeDep ROOT source-map-js@1.2.1 OK for: postcss@8.5.15 want: ^1.2.1
534 silly placeDep ROOT tslib@2.8.1 OK for: rxjs@7.8.2 want: ^2.1.0
535 silly placeDep ROOT @parcel/watcher@2.5.6 OK for: sass@1.100.0 want: ^2.4.1
536 silly placeDep ROOT chokidar@5.0.0 OK for: sass@1.100.0 want: ^5.0.0
537 silly placeDep ROOT immutable@5.1.6 OK for: sass@1.100.0 want: ^5.1.5
538 silly fetch manifest detect-libc@^2.0.3
539 silly packumentCache full:https://registry.npmjs.org/detect-libc cache-miss
540 silly fetch manifest node-addon-api@^7.0.0
541 silly packumentCache full:https://registry.npmjs.org/node-addon-api cache-miss
542 silly fetch manifest picomatch@^4.0.3
543 silly packumentCache full:https://registry.npmjs.org/picomatch cache-hit
544 silly fetch manifest @parcel/watcher-darwin-x64@2.5.6
545 silly packumentCache full:https://registry.npmjs.org/@parcel%2fwatcher-darwin-x64 cache-miss
546 silly fetch manifest @parcel/watcher-darwin-arm64@2.5.6
547 silly packumentCache full:https://registry.npmjs.org/@parcel%2fwatcher-darwin-arm64 cache-miss
548 silly fetch manifest @parcel/watcher-win32-x64@2.5.6
549 silly packumentCache full:https://registry.npmjs.org/@parcel%2fwatcher-win32-x64 cache-miss
550 silly fetch manifest @parcel/watcher-win32-arm64@2.5.6
551 silly packumentCache full:https://registry.npmjs.org/@parcel%2fwatcher-win32-arm64 cache-miss
552 silly fetch manifest @parcel/watcher-win32-ia32@2.5.6
553 silly packumentCache full:https://registry.npmjs.org/@parcel%2fwatcher-win32-ia32 cache-miss
554 http fetch GET 200 https://registry.npmjs.org/detect-libc 388ms (cache miss)
555 silly packumentCache full:https://registry.npmjs.org/detect-libc set size:undefined disposed:false
556 silly fetch manifest @parcel/watcher-linux-x64-glibc@2.5.6
557 silly packumentCache full:https://registry.npmjs.org/@parcel%2fwatcher-linux-x64-glibc cache-miss
558 http fetch GET 200 https://registry.npmjs.org/@parcel%2fwatcher-darwin-arm64 395ms (cache miss)
559 silly packumentCache full:https://registry.npmjs.org/@parcel%2fwatcher-darwin-arm64 set size:undefined disposed:false
560 silly fetch manifest @parcel/watcher-linux-x64-musl@2.5.6
561 silly packumentCache full:https://registry.npmjs.org/@parcel%2fwatcher-linux-x64-musl cache-miss
562 http fetch GET 200 https://registry.npmjs.org/@parcel%2fwatcher-win32-x64 400ms (cache miss)
563 silly packumentCache full:https://registry.npmjs.org/@parcel%2fwatcher-win32-x64 set size:undefined disposed:false
564 silly fetch manifest @parcel/watcher-linux-arm64-glibc@2.5.6
565 silly packumentCache full:https://registry.npmjs.org/@parcel%2fwatcher-linux-arm64-glibc cache-miss
566 http fetch GET 200 https://registry.npmjs.org/@parcel%2fwatcher-win32-ia32 402ms (cache miss)
567 silly packumentCache full:https://registry.npmjs.org/@parcel%2fwatcher-win32-ia32 set size:undefined disposed:false
568 silly fetch manifest @parcel/watcher-linux-arm64-musl@2.5.6
569 silly packumentCache full:https://registry.npmjs.org/@parcel%2fwatcher-linux-arm64-musl cache-miss
570 http fetch GET 200 https://registry.npmjs.org/@parcel%2fwatcher-win32-arm64 409ms (cache miss)
571 silly packumentCache full:https://registry.npmjs.org/@parcel%2fwatcher-win32-arm64 set size:undefined disposed:false
572 silly fetch manifest @parcel/watcher-linux-arm-glibc@2.5.6
573 silly packumentCache full:https://registry.npmjs.org/@parcel%2fwatcher-linux-arm-glibc cache-miss
574 http fetch GET 200 https://registry.npmjs.org/@parcel%2fwatcher-darwin-x64 420ms (cache miss)
575 silly packumentCache full:https://registry.npmjs.org/@parcel%2fwatcher-darwin-x64 set size:undefined disposed:false
576 silly fetch manifest @parcel/watcher-linux-arm-musl@2.5.6
577 silly packumentCache full:https://registry.npmjs.org/@parcel%2fwatcher-linux-arm-musl cache-miss
578 http fetch GET 200 https://registry.npmjs.org/node-addon-api 438ms (cache miss)
579 silly packumentCache full:https://registry.npmjs.org/node-addon-api set size:undefined disposed:false
580 silly fetch manifest @parcel/watcher-android-arm64@2.5.6
581 silly packumentCache full:https://registry.npmjs.org/@parcel%2fwatcher-android-arm64 cache-miss
582 http fetch GET 200 https://registry.npmjs.org/@parcel%2fwatcher-linux-arm64-glibc 271ms (cache miss)
583 silly packumentCache full:https://registry.npmjs.org/@parcel%2fwatcher-linux-arm64-glibc set size:undefined disposed:false
584 silly fetch manifest @parcel/watcher-freebsd-x64@2.5.6
585 silly packumentCache full:https://registry.npmjs.org/@parcel%2fwatcher-freebsd-x64 cache-miss
586 http fetch GET 200 https://registry.npmjs.org/@parcel%2fwatcher-linux-x64-glibc 295ms (cache miss)
587 silly packumentCache full:https://registry.npmjs.org/@parcel%2fwatcher-linux-x64-glibc set size:undefined disposed:false
588 silly fetch manifest readdirp@^5.0.0
589 silly packumentCache full:https://registry.npmjs.org/readdirp cache-miss
590 http fetch GET 200 https://registry.npmjs.org/@parcel%2fwatcher-linux-arm64-musl 278ms (cache miss)
591 silly packumentCache full:https://registry.npmjs.org/@parcel%2fwatcher-linux-arm64-musl set size:undefined disposed:false
592 http fetch GET 200 https://registry.npmjs.org/@parcel%2fwatcher-linux-arm-glibc 273ms (cache miss)
593 silly packumentCache full:https://registry.npmjs.org/@parcel%2fwatcher-linux-arm-glibc set size:undefined disposed:false
594 http fetch GET 200 https://registry.npmjs.org/@parcel%2fwatcher-linux-arm-musl 273ms (cache miss)
595 silly packumentCache full:https://registry.npmjs.org/@parcel%2fwatcher-linux-arm-musl set size:undefined disposed:false
596 http fetch GET 200 https://registry.npmjs.org/@parcel%2fwatcher-android-arm64 246ms (cache miss)
597 silly packumentCache full:https://registry.npmjs.org/@parcel%2fwatcher-android-arm64 set size:undefined disposed:false
598 http fetch GET 200 https://registry.npmjs.org/@parcel%2fwatcher-linux-x64-musl 330ms (cache miss)
599 silly packumentCache full:https://registry.npmjs.org/@parcel%2fwatcher-linux-x64-musl set size:undefined disposed:false
600 http fetch GET 200 https://registry.npmjs.org/@parcel%2fwatcher-freebsd-x64 206ms (cache miss)
601 silly packumentCache full:https://registry.npmjs.org/@parcel%2fwatcher-freebsd-x64 set size:undefined disposed:false
602 http fetch GET 200 https://registry.npmjs.org/readdirp 232ms (cache miss)
603 silly packumentCache full:https://registry.npmjs.org/readdirp set size:undefined disposed:false
604 silly placeDep ROOT @parcel/watcher-android-arm64@2.5.6 OK for: @parcel/watcher@2.5.6 want: 2.5.6
605 silly placeDep ROOT @parcel/watcher-darwin-arm64@2.5.6 OK for: @parcel/watcher@2.5.6 want: 2.5.6
606 silly placeDep ROOT @parcel/watcher-darwin-x64@2.5.6 OK for: @parcel/watcher@2.5.6 want: 2.5.6
607 silly placeDep ROOT @parcel/watcher-freebsd-x64@2.5.6 OK for: @parcel/watcher@2.5.6 want: 2.5.6
608 silly placeDep ROOT @parcel/watcher-linux-arm-glibc@2.5.6 OK for: @parcel/watcher@2.5.6 want: 2.5.6
609 silly placeDep ROOT @parcel/watcher-linux-arm-musl@2.5.6 OK for: @parcel/watcher@2.5.6 want: 2.5.6
610 silly placeDep ROOT @parcel/watcher-linux-arm64-glibc@2.5.6 OK for: @parcel/watcher@2.5.6 want: 2.5.6
611 silly placeDep ROOT @parcel/watcher-linux-arm64-musl@2.5.6 OK for: @parcel/watcher@2.5.6 want: 2.5.6
612 silly placeDep ROOT @parcel/watcher-linux-x64-glibc@2.5.6 OK for: @parcel/watcher@2.5.6 want: 2.5.6
613 silly placeDep ROOT @parcel/watcher-linux-x64-musl@2.5.6 OK for: @parcel/watcher@2.5.6 want: 2.5.6
614 silly placeDep ROOT @parcel/watcher-win32-arm64@2.5.6 OK for: @parcel/watcher@2.5.6 want: 2.5.6
615 silly placeDep ROOT @parcel/watcher-win32-ia32@2.5.6 OK for: @parcel/watcher@2.5.6 want: 2.5.6
616 silly placeDep ROOT @parcel/watcher-win32-x64@2.5.6 OK for: @parcel/watcher@2.5.6 want: 2.5.6
617 silly placeDep ROOT detect-libc@2.1.2 OK for: @parcel/watcher@2.5.6 want: ^2.0.3
618 silly placeDep ROOT is-glob@4.0.3 OK for: @parcel/watcher@2.5.6 want: ^4.0.3
619 silly placeDep ROOT node-addon-api@7.1.1 OK for: @parcel/watcher@2.5.6 want: ^7.0.0
620 silly placeDep ROOT picomatch@4.0.4 OK for: @parcel/watcher@2.5.6 want: ^4.0.3
621 silly fetch manifest is-extglob@^2.1.1
622 silly packumentCache full:https://registry.npmjs.org/is-extglob cache-miss
623 http fetch GET 200 https://registry.npmjs.org/is-extglob 296ms (cache miss)
624 silly packumentCache full:https://registry.npmjs.org/is-extglob set size:undefined disposed:false
625 silly placeDep ROOT readdirp@5.0.0 OK for: chokidar@5.0.0 want: ^5.0.0
626 silly placeDep ROOT is-extglob@2.1.1 OK for: is-glob@4.0.3 want: ^2.1.1
627 silly placeDep ROOT has-flag@4.0.0 OK for: supports-color@8.1.1 want: ^4.0.0
628 silly placeDep ROOT @alloc/quick-lru@5.2.0 OK for: tailwindcss@3.4.19 want: ^5.2.0
629 silly placeDep ROOT arg@5.0.2 OK for: tailwindcss@3.4.19 want: ^5.0.2
630 silly placeDep node_modules/tailwindcss chokidar@3.6.0 OK for: tailwindcss@3.4.19 want: ^3.6.0
631 silly placeDep ROOT didyoumean@1.2.2 OK for: tailwindcss@3.4.19 want: ^1.2.2
632 silly placeDep ROOT dlv@1.1.3 OK for: tailwindcss@3.4.19 want: ^1.1.3
633 silly placeDep ROOT fast-glob@3.3.3 OK for: tailwindcss@3.4.19 want: ^3.3.2
634 silly placeDep ROOT glob-parent@6.0.2 OK for: tailwindcss@3.4.19 want: ^6.0.2
635 silly placeDep ROOT jiti@1.21.7 OK for: tailwindcss@3.4.19 want: ^1.21.7
636 silly placeDep ROOT lilconfig@3.1.3 OK for: tailwindcss@3.4.19 want: ^3.1.3
637 silly placeDep ROOT micromatch@4.0.8 OK for: tailwindcss@3.4.19 want: ^4.0.8
638 silly placeDep ROOT normalize-path@3.0.0 OK for: tailwindcss@3.4.19 want: ^3.0.0
639 silly placeDep ROOT object-hash@3.0.0 OK for: tailwindcss@3.4.19 want: ^3.0.0
640 silly placeDep ROOT postcss-import@15.1.0 OK for: tailwindcss@3.4.19 want: ^15.1.0
641 silly placeDep ROOT postcss-js@4.1.0 OK for: tailwindcss@3.4.19 want: ^4.0.1
642 silly placeDep ROOT postcss-load-config@6.0.1 OK for: tailwindcss@3.4.19 want: ^4.0.2 || ^5.0 || ^6.0
643 silly placeDep ROOT postcss-nested@6.2.0 OK for: tailwindcss@3.4.19 want: ^6.2.0
644 silly placeDep ROOT postcss-selector-parser@6.1.2 OK for: tailwindcss@3.4.19 want: ^6.1.2
645 silly placeDep ROOT resolve@1.22.12 OK for: tailwindcss@3.4.19 want: ^1.22.8
646 silly placeDep ROOT sucrase@3.35.1 OK for: tailwindcss@3.4.19 want: ^3.35.0
647 silly fetch manifest braces@~3.0.2
648 silly packumentCache full:https://registry.npmjs.org/braces cache-miss
649 silly fetch manifest anymatch@~3.1.2
650 silly packumentCache full:https://registry.npmjs.org/anymatch cache-miss
651 silly fetch manifest readdirp@~3.6.0
652 silly packumentCache full:https://registry.npmjs.org/readdirp cache-miss
653 silly fetch manifest glob-parent@~5.1.2
654 silly packumentCache full:https://registry.npmjs.org/glob-parent cache-miss
655 silly fetch manifest is-binary-path@~2.1.0
656 silly packumentCache full:https://registry.npmjs.org/is-binary-path cache-miss
657 silly fetch manifest normalize-path@~3.0.0
658 silly packumentCache full:https://registry.npmjs.org/normalize-path cache-miss
659 silly fetch manifest fsevents@~2.3.2
660 silly packumentCache full:https://registry.npmjs.org/fsevents cache-miss
661 http cache https://registry.npmjs.org/normalize-path 32ms (cache hit)
662 silly packumentCache full:https://registry.npmjs.org/normalize-path set size:28713 disposed:false
663 silly fetch manifest @nodelib/fs.stat@^2.0.2
664 silly packumentCache full:https://registry.npmjs.org/@nodelib%2ffs.stat cache-miss
665 http cache https://registry.npmjs.org/glob-parent 42ms (cache hit)
666 silly packumentCache full:https://registry.npmjs.org/glob-parent set size:42445 disposed:false
667 silly fetch manifest @nodelib/fs.walk@^1.2.3
668 silly packumentCache full:https://registry.npmjs.org/@nodelib%2ffs.walk cache-miss
669 http cache https://registry.npmjs.org/readdirp 47ms (cache hit)
670 silly packumentCache full:https://registry.npmjs.org/readdirp set size:107589 disposed:false
671 silly fetch manifest glob-parent@^5.1.2
672 silly packumentCache full:https://registry.npmjs.org/glob-parent cache-hit
673 silly fetch manifest merge2@^1.3.0
674 silly packumentCache full:https://registry.npmjs.org/merge2 cache-miss
675 http cache https://registry.npmjs.org/fsevents 54ms (cache hit)
676 silly packumentCache full:https://registry.npmjs.org/fsevents set size:182472 disposed:false
677 silly fetch manifest braces@^3.0.3
678 silly packumentCache full:https://registry.npmjs.org/braces cache-miss
679 http fetch GET 200 https://registry.npmjs.org/@nodelib%2ffs.stat 293ms (cache miss)
680 silly packumentCache full:https://registry.npmjs.org/@nodelib%2ffs.stat set size:undefined disposed:false
681 silly fetch manifest resolve@^1.1.7
682 silly packumentCache full:https://registry.npmjs.org/resolve cache-miss
683 http fetch GET 200 https://registry.npmjs.org/is-binary-path 338ms (cache miss)
684 silly packumentCache full:https://registry.npmjs.org/is-binary-path set size:undefined disposed:false
685 silly fetch manifest read-cache@^1.0.0
686 silly packumentCache full:https://registry.npmjs.org/read-cache cache-miss
687 http fetch GET 200 https://registry.npmjs.org/@nodelib%2ffs.walk 298ms (cache miss)
688 silly packumentCache full:https://registry.npmjs.org/@nodelib%2ffs.walk set size:undefined disposed:false
689 silly fetch manifest camelcase-css@^2.0.1
690 silly packumentCache full:https://registry.npmjs.org/camelcase-css cache-miss
691 http fetch GET 200 https://registry.npmjs.org/braces 356ms (cache miss)
692 silly packumentCache full:https://registry.npmjs.org/braces set size:undefined disposed:false
693 silly fetch manifest postcss-selector-parser@^6.1.1
694 silly packumentCache full:https://registry.npmjs.org/postcss-selector-parser cache-miss
695 http fetch GET 200 https://registry.npmjs.org/anymatch 360ms (cache miss)
696 silly packumentCache full:https://registry.npmjs.org/anymatch set size:undefined disposed:false
697 silly fetch manifest cssesc@^3.0.0
698 silly packumentCache full:https://registry.npmjs.org/cssesc cache-miss
699 http fetch GET 200 https://registry.npmjs.org/merge2 310ms (cache miss)
700 silly packumentCache full:https://registry.npmjs.org/merge2 set size:undefined disposed:false
701 silly fetch manifest util-deprecate@^1.0.2
702 silly packumentCache full:https://registry.npmjs.org/util-deprecate cache-miss
703 http fetch GET 200 https://registry.npmjs.org/braces 310ms (cache miss)
704 silly packumentCache full:https://registry.npmjs.org/braces set size:undefined disposed:false
705 silly fetch manifest path-parse@^1.0.7
706 silly packumentCache full:https://registry.npmjs.org/path-parse cache-miss
707 http cache https://registry.npmjs.org/resolve 54ms (cache hit)
708 silly packumentCache full:https://registry.npmjs.org/resolve set size:244568 disposed:false
709 silly fetch manifest is-core-module@^2.16.1
710 silly packumentCache full:https://registry.npmjs.org/is-core-module cache-miss
711 http cache https://registry.npmjs.org/postcss-selector-parser 46ms (cache hit)
712 silly packumentCache full:https://registry.npmjs.org/postcss-selector-parser set size:177140 disposed:false
713 silly fetch manifest supports-preserve-symlinks-flag@^1.0.0
714 silly packumentCache full:https://registry.npmjs.org/supports-preserve-symlinks-flag cache-miss
715 http fetch GET 200 https://registry.npmjs.org/camelcase-css 273ms (cache miss)
716 silly packumentCache full:https://registry.npmjs.org/camelcase-css set size:undefined disposed:false
717 silly fetch manifest @jridgewell/gen-mapping@^0.3.2
718 silly packumentCache full:https://registry.npmjs.org/@jridgewell%2fgen-mapping cache-miss
719 http fetch GET 200 https://registry.npmjs.org/path-parse 249ms (cache miss)
720 silly packumentCache full:https://registry.npmjs.org/path-parse set size:undefined disposed:false
721 silly fetch manifest commander@^4.0.0
722 silly packumentCache full:https://registry.npmjs.org/commander cache-miss
723 http fetch GET 200 https://registry.npmjs.org/util-deprecate 263ms (cache miss)
724 silly packumentCache full:https://registry.npmjs.org/util-deprecate set size:undefined disposed:false
725 silly fetch manifest lines-and-columns@^1.1.6
726 silly packumentCache full:https://registry.npmjs.org/lines-and-columns cache-miss
727 http fetch GET 200 https://registry.npmjs.org/cssesc 279ms (cache miss)
728 silly packumentCache full:https://registry.npmjs.org/cssesc set size:undefined disposed:false
729 silly fetch manifest mz@^2.7.0
730 silly packumentCache full:https://registry.npmjs.org/mz cache-miss
731 http fetch GET 200 https://registry.npmjs.org/supports-preserve-symlinks-flag 236ms (cache miss)
732 silly packumentCache full:https://registry.npmjs.org/supports-preserve-symlinks-flag set size:undefined disposed:false
733 silly fetch manifest pirates@^4.0.1
734 silly packumentCache full:https://registry.npmjs.org/pirates cache-miss
735 http fetch GET 200 https://registry.npmjs.org/is-core-module 260ms (cache miss)
736 silly packumentCache full:https://registry.npmjs.org/is-core-module set size:undefined disposed:false
737 silly fetch manifest tinyglobby@^0.2.11
738 silly packumentCache full:https://registry.npmjs.org/tinyglobby cache-miss
739 http cache https://registry.npmjs.org/tinyglobby 11ms (cache hit)
740 silly packumentCache full:https://registry.npmjs.org/tinyglobby set size:54291 disposed:false
741 silly fetch manifest ts-interface-checker@^0.1.9
742 silly packumentCache full:https://registry.npmjs.org/ts-interface-checker cache-miss
743 http fetch GET 200 https://registry.npmjs.org/read-cache 363ms (cache miss)
744 silly packumentCache full:https://registry.npmjs.org/read-cache set size:undefined disposed:false
745 http fetch GET 200 https://registry.npmjs.org/lines-and-columns 305ms (cache miss)
746 silly packumentCache full:https://registry.npmjs.org/lines-and-columns set size:undefined disposed:false
747 http fetch GET 200 https://registry.npmjs.org/pirates 296ms (cache miss)
748 silly packumentCache full:https://registry.npmjs.org/pirates set size:undefined disposed:false
749 http fetch GET 200 https://registry.npmjs.org/ts-interface-checker 276ms (cache miss)
750 silly packumentCache full:https://registry.npmjs.org/ts-interface-checker set size:undefined disposed:false
751 http fetch GET 200 https://registry.npmjs.org/@jridgewell%2fgen-mapping 335ms (cache miss)
752 silly packumentCache full:https://registry.npmjs.org/@jridgewell%2fgen-mapping set size:undefined disposed:false
753 http fetch GET 200 https://registry.npmjs.org/mz 315ms (cache miss)
754 silly packumentCache full:https://registry.npmjs.org/mz set size:undefined disposed:false
755 http fetch GET 200 https://registry.npmjs.org/commander 338ms (cache miss)
756 silly packumentCache full:https://registry.npmjs.org/commander set size:undefined disposed:false
757 silly placeDep ROOT @nodelib/fs.stat@2.0.5 OK for: fast-glob@3.3.3 want: ^2.0.2
758 silly placeDep ROOT @nodelib/fs.walk@1.2.8 OK for: fast-glob@3.3.3 want: ^1.2.3
759 silly placeDep node_modules/fast-glob glob-parent@5.1.2 OK for: fast-glob@3.3.3 want: ^5.1.2
760 silly placeDep ROOT merge2@1.4.1 OK for: fast-glob@3.3.3 want: ^1.3.0
761 silly fetch manifest fastq@^1.6.0
762 silly packumentCache full:https://registry.npmjs.org/fastq cache-miss
763 silly fetch manifest @nodelib/fs.scandir@2.1.5
764 silly packumentCache full:https://registry.npmjs.org/@nodelib%2ffs.scandir cache-miss
765 http fetch GET 200 https://registry.npmjs.org/@nodelib%2ffs.scandir 208ms (cache miss)
766 silly packumentCache full:https://registry.npmjs.org/@nodelib%2ffs.scandir set size:undefined disposed:false
767 http fetch GET 200 https://registry.npmjs.org/fastq 215ms (cache miss)
768 silly packumentCache full:https://registry.npmjs.org/fastq set size:undefined disposed:false
769 silly placeDep ROOT @nodelib/fs.scandir@2.1.5 OK for: @nodelib/fs.walk@1.2.8 want: 2.1.5
770 silly placeDep ROOT fastq@1.20.1 OK for: @nodelib/fs.walk@1.2.8 want: ^1.6.0
771 silly fetch manifest run-parallel@^1.1.9
772 silly packumentCache full:https://registry.npmjs.org/run-parallel cache-miss
773 silly fetch manifest reusify@^1.0.4
774 silly packumentCache full:https://registry.npmjs.org/reusify cache-miss
775 http fetch GET 200 https://registry.npmjs.org/reusify 322ms (cache miss)
776 silly packumentCache full:https://registry.npmjs.org/reusify set size:undefined disposed:false
777 http fetch GET 200 https://registry.npmjs.org/run-parallel 325ms (cache miss)
778 silly packumentCache full:https://registry.npmjs.org/run-parallel set size:undefined disposed:false
779 silly placeDep ROOT run-parallel@1.2.0 OK for: @nodelib/fs.scandir@2.1.5 want: ^1.1.9
780 silly fetch manifest queue-microtask@^1.2.2
781 silly packumentCache full:https://registry.npmjs.org/queue-microtask cache-miss
782 http fetch GET 200 https://registry.npmjs.org/queue-microtask 343ms (cache miss)
783 silly packumentCache full:https://registry.npmjs.org/queue-microtask set size:undefined disposed:false
784 silly placeDep ROOT reusify@1.1.0 OK for: fastq@1.20.1 want: ^1.0.4
785 silly placeDep ROOT braces@3.0.3 OK for: micromatch@4.0.8 want: ^3.0.3
786 silly placeDep node_modules/micromatch picomatch@2.3.2 OK for: micromatch@4.0.8 want: ^2.3.1
787 silly fetch manifest fill-range@^7.1.1
788 silly packumentCache full:https://registry.npmjs.org/fill-range cache-miss
789 http fetch GET 200 https://registry.npmjs.org/fill-range 253ms (cache miss)
790 silly packumentCache full:https://registry.npmjs.org/fill-range set size:undefined disposed:false
791 silly placeDep ROOT fill-range@7.1.1 OK for: braces@3.0.3 want: ^7.1.1
792 silly fetch manifest to-regex-range@^5.0.1
793 silly packumentCache full:https://registry.npmjs.org/to-regex-range cache-miss
794 http fetch GET 200 https://registry.npmjs.org/to-regex-range 431ms (cache miss)
795 silly packumentCache full:https://registry.npmjs.org/to-regex-range set size:undefined disposed:false
796 silly placeDep ROOT to-regex-range@5.0.1 OK for: fill-range@7.1.1 want: ^5.0.1
797 silly fetch manifest is-number@^7.0.0
798 silly packumentCache full:https://registry.npmjs.org/is-number cache-miss
799 http fetch GET 200 https://registry.npmjs.org/is-number 271ms (cache miss)
800 silly packumentCache full:https://registry.npmjs.org/is-number set size:undefined disposed:false
801 silly placeDep ROOT read-cache@1.0.0 OK for: postcss-import@15.1.0 want: ^1.0.0
802 silly fetch manifest pify@^2.3.0
803 silly packumentCache full:https://registry.npmjs.org/pify cache-miss
804 http fetch GET 200 https://registry.npmjs.org/pify 273ms (cache miss)
805 silly packumentCache full:https://registry.npmjs.org/pify set size:undefined disposed:false
806 silly placeDep ROOT camelcase-css@2.0.1 OK for: postcss-js@4.1.0 want: ^2.0.1
807 silly placeDep ROOT cssesc@3.0.0 OK for: postcss-selector-parser@6.1.2 want: ^3.0.0
808 silly placeDep ROOT util-deprecate@1.0.2 OK for: postcss-selector-parser@6.1.2 want: ^1.0.2
809 silly placeDep ROOT pify@2.3.0 OK for: read-cache@1.0.0 want: ^2.3.0
810 silly placeDep ROOT is-core-module@2.16.2 OK for: resolve@1.22.12 want: ^2.16.1
811 silly placeDep ROOT path-parse@1.0.7 OK for: resolve@1.22.12 want: ^1.0.7
812 silly placeDep ROOT supports-preserve-symlinks-flag@1.0.0 OK for: resolve@1.22.12 want: ^1.0.0
813 silly placeDep ROOT queue-microtask@1.2.3 OK for: run-parallel@1.2.0 want: ^1.2.2
814 silly placeDep ROOT @jridgewell/gen-mapping@0.3.13 OK for: sucrase@3.35.1 want: ^0.3.2
815 silly placeDep ROOT commander@4.1.1 OK for: sucrase@3.35.1 want: ^4.0.0
816 silly placeDep ROOT lines-and-columns@1.2.4 OK for: sucrase@3.35.1 want: ^1.1.6
817 silly placeDep ROOT mz@2.7.0 OK for: sucrase@3.35.1 want: ^2.7.0
818 silly placeDep ROOT pirates@4.0.7 OK for: sucrase@3.35.1 want: ^4.0.1
819 silly placeDep ROOT tinyglobby@0.2.17 OK for: sucrase@3.35.1 want: ^0.2.11
820 silly placeDep ROOT ts-interface-checker@0.1.13 OK for: sucrase@3.35.1 want: ^0.1.9
821 silly fetch manifest @jridgewell/trace-mapping@^0.3.24
822 silly packumentCache full:https://registry.npmjs.org/@jridgewell%2ftrace-mapping cache-miss
823 silly fetch manifest @jridgewell/sourcemap-codec@^1.5.0
824 silly packumentCache full:https://registry.npmjs.org/@jridgewell%2fsourcemap-codec cache-miss
825 silly fetch manifest any-promise@^1.0.0
826 silly packumentCache full:https://registry.npmjs.org/any-promise cache-miss
827 silly fetch manifest object-assign@^4.0.1
828 silly packumentCache full:https://registry.npmjs.org/object-assign cache-miss
829 silly fetch manifest thenify-all@^1.0.0
830 silly packumentCache full:https://registry.npmjs.org/thenify-all cache-miss
831 silly fetch manifest fdir@^6.5.0
832 silly packumentCache full:https://registry.npmjs.org/fdir cache-miss
833 http cache https://registry.npmjs.org/fdir 15ms (cache hit)
834 silly packumentCache full:https://registry.npmjs.org/fdir set size:136182 disposed:false
835 http fetch GET 200 https://registry.npmjs.org/any-promise 251ms (cache miss)
836 silly packumentCache full:https://registry.npmjs.org/any-promise set size:undefined disposed:false
837 http fetch GET 200 https://registry.npmjs.org/object-assign 259ms (cache miss)
838 silly packumentCache full:https://registry.npmjs.org/object-assign set size:undefined disposed:false
839 http fetch GET 200 https://registry.npmjs.org/thenify-all 264ms (cache miss)
840 silly packumentCache full:https://registry.npmjs.org/thenify-all set size:undefined disposed:false
841 http fetch GET 200 https://registry.npmjs.org/@jridgewell%2fsourcemap-codec 269ms (cache miss)
842 silly packumentCache full:https://registry.npmjs.org/@jridgewell%2fsourcemap-codec set size:undefined disposed:false
843 http fetch GET 200 https://registry.npmjs.org/@jridgewell%2ftrace-mapping 274ms (cache miss)
844 silly packumentCache full:https://registry.npmjs.org/@jridgewell%2ftrace-mapping set size:undefined disposed:false
845 silly placeDep ROOT @jridgewell/sourcemap-codec@1.5.5 OK for: @jridgewell/gen-mapping@0.3.13 want: ^1.5.0
846 silly placeDep ROOT @jridgewell/trace-mapping@0.3.31 OK for: @jridgewell/gen-mapping@0.3.13 want: ^0.3.24
847 silly fetch manifest @jridgewell/resolve-uri@^3.1.0
848 silly packumentCache full:https://registry.npmjs.org/@jridgewell%2fresolve-uri cache-miss
849 http fetch GET 200 https://registry.npmjs.org/@jridgewell%2fresolve-uri 320ms (cache miss)
850 silly packumentCache full:https://registry.npmjs.org/@jridgewell%2fresolve-uri set size:undefined disposed:false
851 silly placeDep ROOT @jridgewell/resolve-uri@3.1.2 OK for: @jridgewell/trace-mapping@0.3.31 want: ^3.1.0
852 silly placeDep ROOT any-promise@1.3.0 OK for: mz@2.7.0 want: ^1.0.0
853 silly placeDep ROOT object-assign@4.1.1 OK for: mz@2.7.0 want: ^4.0.1
854 silly placeDep ROOT thenify-all@1.6.0 OK for: mz@2.7.0 want: ^1.0.0
855 silly fetch manifest thenify@>= 3.1.0 < 4
856 silly packumentCache full:https://registry.npmjs.org/thenify cache-miss
857 http fetch GET 200 https://registry.npmjs.org/thenify 248ms (cache miss)
858 silly packumentCache full:https://registry.npmjs.org/thenify set size:undefined disposed:false
859 silly placeDep ROOT thenify@3.3.1 OK for: thenify-all@1.6.0 want: >= 3.1.0 < 4
860 silly fetch manifest picomatch@^4.0.4
861 silly packumentCache full:https://registry.npmjs.org/picomatch cache-hit
862 silly placeDep ROOT fdir@6.5.0 OK for: tinyglobby@0.2.17 want: ^6.5.0
863 silly placeDep ROOT is-number@7.0.0 OK for: to-regex-range@5.0.1 want: ^7.0.0
864 silly placeDep ROOT escalade@3.2.0 OK for: update-browserslist-db@1.2.3 want: ^3.2.0
865 silly placeDep ROOT esbuild@0.25.12 OK for: vite@6.4.2 want: ^0.25.0
866 silly placeDep ROOT fsevents@2.3.3 OK for: vite@6.4.2 want: ~2.3.3
867 silly placeDep ROOT rollup@4.60.4 OK for: vite@6.4.2 want: ^4.34.9
868 silly fetch manifest @esbuild/aix-ppc64@0.25.12
869 silly packumentCache full:https://registry.npmjs.org/@esbuild%2faix-ppc64 cache-miss
870 silly fetch manifest @esbuild/linux-arm@0.25.12
871 silly packumentCache full:https://registry.npmjs.org/@esbuild%2flinux-arm cache-miss
872 silly fetch manifest @esbuild/linux-x64@0.25.12
873 silly packumentCache full:https://registry.npmjs.org/@esbuild%2flinux-x64 cache-miss
874 silly fetch manifest @esbuild/sunos-x64@0.25.12
875 silly packumentCache full:https://registry.npmjs.org/@esbuild%2fsunos-x64 cache-miss
876 silly fetch manifest @esbuild/win32-x64@0.25.12
877 silly packumentCache full:https://registry.npmjs.org/@esbuild%2fwin32-x64 cache-miss
878 silly fetch manifest @esbuild/darwin-x64@0.25.12
879 silly packumentCache full:https://registry.npmjs.org/@esbuild%2fdarwin-x64 cache-miss
880 silly fetch manifest @esbuild/linux-ia32@0.25.12
881 silly packumentCache full:https://registry.npmjs.org/@esbuild%2flinux-ia32 cache-miss
882 http fetch GET 200 https://registry.npmjs.org/@esbuild%2faix-ppc64 466ms (cache miss)
883 silly packumentCache full:https://registry.npmjs.org/@esbuild%2faix-ppc64 set size:undefined disposed:false
884 silly fetch manifest @esbuild/netbsd-x64@0.25.12
885 silly packumentCache full:https://registry.npmjs.org/@esbuild%2fnetbsd-x64 cache-miss
886 http fetch GET 200 https://registry.npmjs.org/@esbuild%2fwin32-x64 482ms (cache miss)
887 silly packumentCache full:https://registry.npmjs.org/@esbuild%2fwin32-x64 set size:undefined disposed:false
888 silly fetch manifest @esbuild/win32-ia32@0.25.12
889 silly packumentCache full:https://registry.npmjs.org/@esbuild%2fwin32-ia32 cache-miss
890 http fetch GET 200 https://registry.npmjs.org/@esbuild%2flinux-ia32 493ms (cache miss)
891 silly packumentCache full:https://registry.npmjs.org/@esbuild%2flinux-ia32 set size:undefined disposed:false
892 silly fetch manifest @esbuild/android-arm@0.25.12
893 silly packumentCache full:https://registry.npmjs.org/@esbuild%2fandroid-arm cache-miss
894 http fetch GET 200 https://registry.npmjs.org/@esbuild%2fsunos-x64 513ms (cache miss)
895 silly packumentCache full:https://registry.npmjs.org/@esbuild%2fsunos-x64 set size:undefined disposed:false
896 silly fetch manifest @esbuild/android-x64@0.25.12
897 silly packumentCache full:https://registry.npmjs.org/@esbuild%2fandroid-x64 cache-miss
898 http fetch GET 200 https://registry.npmjs.org/@esbuild%2flinux-arm 523ms (cache miss)
899 silly packumentCache full:https://registry.npmjs.org/@esbuild%2flinux-arm set size:undefined disposed:false
900 silly fetch manifest @esbuild/freebsd-x64@0.25.12
901 silly packumentCache full:https://registry.npmjs.org/@esbuild%2ffreebsd-x64 cache-miss
902 http fetch GET 200 https://registry.npmjs.org/@esbuild%2fdarwin-x64 533ms (cache miss)
903 silly packumentCache full:https://registry.npmjs.org/@esbuild%2fdarwin-x64 set size:undefined disposed:false
904 silly fetch manifest @esbuild/linux-arm64@0.25.12
905 silly packumentCache full:https://registry.npmjs.org/@esbuild%2flinux-arm64 cache-miss
906 http fetch GET 200 https://registry.npmjs.org/@esbuild%2flinux-x64 548ms (cache miss)
907 silly packumentCache full:https://registry.npmjs.org/@esbuild%2flinux-x64 set size:undefined disposed:false
908 silly fetch manifest @esbuild/linux-ppc64@0.25.12
909 silly packumentCache full:https://registry.npmjs.org/@esbuild%2flinux-ppc64 cache-miss
910 http fetch GET 200 https://registry.npmjs.org/@esbuild%2fnetbsd-x64 492ms (cache miss)
911 silly packumentCache full:https://registry.npmjs.org/@esbuild%2fnetbsd-x64 set size:undefined disposed:false
912 silly fetch manifest @esbuild/linux-s390x@0.25.12
913 silly packumentCache full:https://registry.npmjs.org/@esbuild%2flinux-s390x cache-miss
914 http fetch GET 200 https://registry.npmjs.org/@esbuild%2fwin32-ia32 485ms (cache miss)
915 silly packumentCache full:https://registry.npmjs.org/@esbuild%2fwin32-ia32 set size:undefined disposed:false
916 silly fetch manifest @esbuild/openbsd-x64@0.25.12
917 silly packumentCache full:https://registry.npmjs.org/@esbuild%2fopenbsd-x64 cache-miss
918 http fetch GET 200 https://registry.npmjs.org/@esbuild%2flinux-arm64 470ms (cache miss)
919 silly packumentCache full:https://registry.npmjs.org/@esbuild%2flinux-arm64 set size:undefined disposed:false
920 silly fetch manifest @esbuild/win32-arm64@0.25.12
921 silly packumentCache full:https://registry.npmjs.org/@esbuild%2fwin32-arm64 cache-miss
922 http fetch GET 200 https://registry.npmjs.org/@esbuild%2fandroid-arm 522ms (cache miss)
923 silly packumentCache full:https://registry.npmjs.org/@esbuild%2fandroid-arm set size:undefined disposed:false
924 silly fetch manifest @esbuild/darwin-arm64@0.25.12
925 silly packumentCache full:https://registry.npmjs.org/@esbuild%2fdarwin-arm64 cache-miss
926 http fetch GET 200 https://registry.npmjs.org/@esbuild%2ffreebsd-x64 514ms (cache miss)
927 silly packumentCache full:https://registry.npmjs.org/@esbuild%2ffreebsd-x64 set size:undefined disposed:false
928 silly fetch manifest @esbuild/netbsd-arm64@0.25.12
929 silly packumentCache full:https://registry.npmjs.org/@esbuild%2fnetbsd-arm64 cache-miss
930 http fetch GET 200 https://registry.npmjs.org/@esbuild%2fandroid-x64 537ms (cache miss)
931 silly packumentCache full:https://registry.npmjs.org/@esbuild%2fandroid-x64 set size:undefined disposed:false
932 silly fetch manifest @esbuild/android-arm64@0.25.12
933 silly packumentCache full:https://registry.npmjs.org/@esbuild%2fandroid-arm64 cache-miss
934 http fetch GET 200 https://registry.npmjs.org/@esbuild%2flinux-ppc64 512ms (cache miss)
935 silly packumentCache full:https://registry.npmjs.org/@esbuild%2flinux-ppc64 set size:undefined disposed:false
936 silly fetch manifest @esbuild/freebsd-arm64@0.25.12
937 silly packumentCache full:https://registry.npmjs.org/@esbuild%2ffreebsd-arm64 cache-miss
938 http fetch GET 200 https://registry.npmjs.org/@esbuild%2flinux-s390x 324ms (cache miss)
939 silly packumentCache full:https://registry.npmjs.org/@esbuild%2flinux-s390x set size:undefined disposed:false
940 silly fetch manifest @esbuild/linux-loong64@0.25.12
941 silly packumentCache full:https://registry.npmjs.org/@esbuild%2flinux-loong64 cache-miss
942 http fetch GET 200 https://registry.npmjs.org/@esbuild%2fopenbsd-x64 329ms (cache miss)
943 silly packumentCache full:https://registry.npmjs.org/@esbuild%2fopenbsd-x64 set size:undefined disposed:false
944 silly fetch manifest @esbuild/linux-riscv64@0.25.12
945 silly packumentCache full:https://registry.npmjs.org/@esbuild%2flinux-riscv64 cache-miss
946 http fetch GET 200 https://registry.npmjs.org/@esbuild%2fnetbsd-arm64 299ms (cache miss)
947 silly packumentCache full:https://registry.npmjs.org/@esbuild%2fnetbsd-arm64 set size:undefined disposed:false
948 silly fetch manifest @esbuild/openbsd-arm64@0.25.12
949 silly packumentCache full:https://registry.npmjs.org/@esbuild%2fopenbsd-arm64 cache-miss
950 http fetch GET 200 https://registry.npmjs.org/@esbuild%2fwin32-arm64 341ms (cache miss)
951 silly packumentCache full:https://registry.npmjs.org/@esbuild%2fwin32-arm64 set size:undefined disposed:false
952 silly fetch manifest @esbuild/linux-mips64el@0.25.12
953 silly packumentCache full:https://registry.npmjs.org/@esbuild%2flinux-mips64el cache-miss
954 http fetch GET 200 https://registry.npmjs.org/@esbuild%2fdarwin-arm64 379ms (cache miss)
955 silly packumentCache full:https://registry.npmjs.org/@esbuild%2fdarwin-arm64 set size:undefined disposed:false
956 silly fetch manifest @esbuild/openharmony-arm64@0.25.12
957 silly packumentCache full:https://registry.npmjs.org/@esbuild%2fopenharmony-arm64 cache-miss
958 http fetch GET 200 https://registry.npmjs.org/@esbuild%2fandroid-arm64 361ms (cache miss)
959 silly packumentCache full:https://registry.npmjs.org/@esbuild%2fandroid-arm64 set size:undefined disposed:false
960 silly fetch manifest @types/estree@1.0.8
961 silly packumentCache full:https://registry.npmjs.org/@types%2festree cache-miss
962 http fetch GET 200 https://registry.npmjs.org/@esbuild%2ffreebsd-arm64 367ms (cache miss)
963 silly packumentCache full:https://registry.npmjs.org/@esbuild%2ffreebsd-arm64 set size:undefined disposed:false
964 silly fetch manifest @rollup/rollup-darwin-arm64@4.60.4
965 silly packumentCache full:https://registry.npmjs.org/@rollup%2frollup-darwin-arm64 cache-miss
966 http fetch GET 200 https://registry.npmjs.org/@esbuild%2flinux-riscv64 300ms (cache miss)
967 silly packumentCache full:https://registry.npmjs.org/@esbuild%2flinux-riscv64 set size:undefined disposed:false
968 silly fetch manifest @rollup/rollup-android-arm64@4.60.4
969 silly packumentCache full:https://registry.npmjs.org/@rollup%2frollup-android-arm64 cache-miss
970 http fetch GET 200 https://registry.npmjs.org/@esbuild%2flinux-loong64 333ms (cache miss)
971 silly packumentCache full:https://registry.npmjs.org/@esbuild%2flinux-loong64 set size:undefined disposed:false
972 silly fetch manifest @rollup/rollup-win32-arm64-msvc@4.60.4
973 silly packumentCache full:https://registry.npmjs.org/@rollup%2frollup-win32-arm64-msvc cache-miss
974 http fetch GET 200 https://registry.npmjs.org/@esbuild%2fopenbsd-arm64 300ms (cache miss)
975 silly packumentCache full:https://registry.npmjs.org/@esbuild%2fopenbsd-arm64 set size:undefined disposed:false
976 silly fetch manifest @rollup/rollup-freebsd-arm64@4.60.4
977 silly packumentCache full:https://registry.npmjs.org/@rollup%2frollup-freebsd-arm64 cache-miss
978 http fetch GET 200 https://registry.npmjs.org/@esbuild%2flinux-mips64el 321ms (cache miss)
979 silly packumentCache full:https://registry.npmjs.org/@esbuild%2flinux-mips64el set size:undefined disposed:false
980 silly fetch manifest @rollup/rollup-linux-arm64-gnu@4.60.4
981 silly packumentCache full:https://registry.npmjs.org/@rollup%2frollup-linux-arm64-gnu cache-miss
982 http fetch GET 200 https://registry.npmjs.org/@esbuild%2fopenharmony-arm64 307ms (cache miss)
983 silly packumentCache full:https://registry.npmjs.org/@esbuild%2fopenharmony-arm64 set size:undefined disposed:false
984 silly fetch manifest @rollup/rollup-linux-arm64-musl@4.60.4
985 silly packumentCache full:https://registry.npmjs.org/@rollup%2frollup-linux-arm64-musl cache-miss
986 http fetch GET 200 https://registry.npmjs.org/@types%2festree 306ms (cache miss)
987 silly packumentCache full:https://registry.npmjs.org/@types%2festree set size:undefined disposed:false
988 silly fetch manifest @rollup/rollup-android-arm-eabi@4.60.4
989 silly packumentCache full:https://registry.npmjs.org/@rollup%2frollup-android-arm-eabi cache-miss
990 http fetch GET 200 https://registry.npmjs.org/@rollup%2frollup-darwin-arm64 343ms (cache miss)
991 silly packumentCache full:https://registry.npmjs.org/@rollup%2frollup-darwin-arm64 set size:undefined disposed:false
992 silly fetch manifest @rollup/rollup-linux-arm-gnueabihf@4.60.4
993 silly packumentCache full:https://registry.npmjs.org/@rollup%2frollup-linux-arm-gnueabihf cache-miss
994 http fetch GET 200 https://registry.npmjs.org/@rollup%2frollup-android-arm64 260ms (cache miss)
995 silly packumentCache full:https://registry.npmjs.org/@rollup%2frollup-android-arm64 set size:undefined disposed:false
996 silly fetch manifest @rollup/rollup-linux-arm-musleabihf@4.60.4
997 silly packumentCache full:https://registry.npmjs.org/@rollup%2frollup-linux-arm-musleabihf cache-miss
998 http fetch GET 200 https://registry.npmjs.org/@rollup%2frollup-freebsd-arm64 281ms (cache miss)
999 silly packumentCache full:https://registry.npmjs.org/@rollup%2frollup-freebsd-arm64 set size:undefined disposed:false
1000 silly fetch manifest @rollup/rollup-win32-ia32-msvc@4.60.4
1001 silly packumentCache full:https://registry.npmjs.org/@rollup%2frollup-win32-ia32-msvc cache-miss
1002 http fetch GET 200 https://registry.npmjs.org/@rollup%2frollup-win32-arm64-msvc 308ms (cache miss)
1003 silly packumentCache full:https://registry.npmjs.org/@rollup%2frollup-win32-arm64-msvc set size:undefined disposed:false
1004 silly fetch manifest @rollup/rollup-linux-loong64-gnu@4.60.4
1005 silly packumentCache full:https://registry.npmjs.org/@rollup%2frollup-linux-loong64-gnu cache-miss
1006 http fetch GET 200 https://registry.npmjs.org/@rollup%2frollup-linux-arm64-gnu 293ms (cache miss)
1007 silly packumentCache full:https://registry.npmjs.org/@rollup%2frollup-linux-arm64-gnu set size:undefined disposed:false
1008 silly fetch manifest @rollup/rollup-linux-loong64-musl@4.60.4
1009 silly packumentCache full:https://registry.npmjs.org/@rollup%2frollup-linux-loong64-musl cache-miss
1010 http fetch GET 200 https://registry.npmjs.org/@rollup%2frollup-linux-arm64-musl 303ms (cache miss)
1011 silly packumentCache full:https://registry.npmjs.org/@rollup%2frollup-linux-arm64-musl set size:undefined disposed:false
1012 silly fetch manifest @rollup/rollup-linux-riscv64-gnu@4.60.4
1013 silly packumentCache full:https://registry.npmjs.org/@rollup%2frollup-linux-riscv64-gnu cache-miss
1014 http fetch GET 200 https://registry.npmjs.org/@rollup%2frollup-android-arm-eabi 311ms (cache miss)
1015 silly packumentCache full:https://registry.npmjs.org/@rollup%2frollup-android-arm-eabi set size:undefined disposed:false
1016 silly fetch manifest @rollup/rollup-linux-riscv64-musl@4.60.4
1017 silly packumentCache full:https://registry.npmjs.org/@rollup%2frollup-linux-riscv64-musl cache-miss
1018 http fetch GET 200 https://registry.npmjs.org/@rollup%2frollup-linux-arm-gnueabihf 303ms (cache miss)
1019 silly packumentCache full:https://registry.npmjs.org/@rollup%2frollup-linux-arm-gnueabihf set size:undefined disposed:false
1020 silly fetch manifest @rollup/rollup-linux-ppc64-gnu@4.60.4
1021 silly packumentCache full:https://registry.npmjs.org/@rollup%2frollup-linux-ppc64-gnu cache-miss
1022 http fetch GET 200 https://registry.npmjs.org/@rollup%2frollup-linux-arm-musleabihf 256ms (cache miss)
1023 silly packumentCache full:https://registry.npmjs.org/@rollup%2frollup-linux-arm-musleabihf set size:undefined disposed:false
1024 silly fetch manifest @rollup/rollup-linux-ppc64-musl@4.60.4
1025 silly packumentCache full:https://registry.npmjs.org/@rollup%2frollup-linux-ppc64-musl cache-miss
1026 http fetch GET 200 https://registry.npmjs.org/@rollup%2frollup-linux-loong64-musl 222ms (cache miss)
1027 silly packumentCache full:https://registry.npmjs.org/@rollup%2frollup-linux-loong64-musl set size:undefined disposed:false
1028 silly fetch manifest @rollup/rollup-linux-s390x-gnu@4.60.4
1029 silly packumentCache full:https://registry.npmjs.org/@rollup%2frollup-linux-s390x-gnu cache-miss
1030 http fetch GET 200 https://registry.npmjs.org/@rollup%2frollup-linux-loong64-gnu 265ms (cache miss)
1031 silly packumentCache full:https://registry.npmjs.org/@rollup%2frollup-linux-loong64-gnu set size:undefined disposed:false
1032 silly fetch manifest @rollup/rollup-darwin-x64@4.60.4
1033 silly packumentCache full:https://registry.npmjs.org/@rollup%2frollup-darwin-x64 cache-miss
1034 http fetch GET 200 https://registry.npmjs.org/@rollup%2frollup-win32-ia32-msvc 312ms (cache miss)
1035 silly packumentCache full:https://registry.npmjs.org/@rollup%2frollup-win32-ia32-msvc set size:undefined disposed:false
1036 silly fetch manifest @rollup/rollup-win32-x64-gnu@4.60.4
1037 silly packumentCache full:https://registry.npmjs.org/@rollup%2frollup-win32-x64-gnu cache-miss
1038 http fetch GET 200 https://registry.npmjs.org/@rollup%2frollup-linux-riscv64-gnu 252ms (cache miss)
1039 silly packumentCache full:https://registry.npmjs.org/@rollup%2frollup-linux-riscv64-gnu set size:undefined disposed:false
1040 silly fetch manifest @rollup/rollup-win32-x64-msvc@4.60.4
1041 silly packumentCache full:https://registry.npmjs.org/@rollup%2frollup-win32-x64-msvc cache-miss
1042 http fetch GET 200 https://registry.npmjs.org/@rollup%2frollup-linux-riscv64-musl 263ms (cache miss)
1043 silly packumentCache full:https://registry.npmjs.org/@rollup%2frollup-linux-riscv64-musl set size:undefined disposed:false
1044 silly fetch manifest @rollup/rollup-freebsd-x64@4.60.4
1045 silly packumentCache full:https://registry.npmjs.org/@rollup%2frollup-freebsd-x64 cache-miss
1046 http fetch GET 200 https://registry.npmjs.org/@rollup%2frollup-linux-ppc64-gnu 288ms (cache miss)
1047 silly packumentCache full:https://registry.npmjs.org/@rollup%2frollup-linux-ppc64-gnu set size:undefined disposed:false
1048 silly fetch manifest @rollup/rollup-linux-x64-gnu@4.60.4
1049 silly packumentCache full:https://registry.npmjs.org/@rollup%2frollup-linux-x64-gnu cache-miss
1050 http fetch GET 200 https://registry.npmjs.org/@rollup%2frollup-linux-ppc64-musl 240ms (cache miss)
1051 silly packumentCache full:https://registry.npmjs.org/@rollup%2frollup-linux-ppc64-musl set size:undefined disposed:false
1052 silly fetch manifest @rollup/rollup-linux-x64-musl@4.60.4
1053 silly packumentCache full:https://registry.npmjs.org/@rollup%2frollup-linux-x64-musl cache-miss
1054 http fetch GET 200 https://registry.npmjs.org/@rollup%2frollup-linux-s390x-gnu 260ms (cache miss)
1055 silly packumentCache full:https://registry.npmjs.org/@rollup%2frollup-linux-s390x-gnu set size:undefined disposed:false
1056 silly fetch manifest @rollup/rollup-openbsd-x64@4.60.4
1057 silly packumentCache full:https://registry.npmjs.org/@rollup%2frollup-openbsd-x64 cache-miss
1058 http fetch GET 200 https://registry.npmjs.org/@rollup%2frollup-darwin-x64 264ms (cache miss)
1059 silly packumentCache full:https://registry.npmjs.org/@rollup%2frollup-darwin-x64 set size:undefined disposed:false
1060 silly fetch manifest @rollup/rollup-openharmony-arm64@4.60.4
1061 silly packumentCache full:https://registry.npmjs.org/@rollup%2frollup-openharmony-arm64 cache-miss
1062 http fetch GET 200 https://registry.npmjs.org/@rollup%2frollup-win32-x64-msvc 248ms (cache miss)
1063 silly packumentCache full:https://registry.npmjs.org/@rollup%2frollup-win32-x64-msvc set size:undefined disposed:false
1064 http fetch GET 200 https://registry.npmjs.org/@rollup%2frollup-freebsd-x64 258ms (cache miss)
1065 silly packumentCache full:https://registry.npmjs.org/@rollup%2frollup-freebsd-x64 set size:undefined disposed:false
1066 http fetch GET 200 https://registry.npmjs.org/@rollup%2frollup-win32-x64-gnu 338ms (cache miss)
1067 silly packumentCache full:https://registry.npmjs.org/@rollup%2frollup-win32-x64-gnu set size:undefined disposed:false
1068 http fetch GET 200 https://registry.npmjs.org/@rollup%2frollup-openbsd-x64 236ms (cache miss)
1069 silly packumentCache full:https://registry.npmjs.org/@rollup%2frollup-openbsd-x64 set size:undefined disposed:false
1070 http fetch GET 200 https://registry.npmjs.org/@rollup%2frollup-linux-x64-musl 328ms (cache miss)
1071 silly packumentCache full:https://registry.npmjs.org/@rollup%2frollup-linux-x64-musl set size:undefined disposed:false
1072 http fetch GET 200 https://registry.npmjs.org/@rollup%2frollup-linux-x64-gnu 356ms (cache miss)
1073 silly packumentCache full:https://registry.npmjs.org/@rollup%2frollup-linux-x64-gnu set size:undefined disposed:false
1074 http fetch GET 200 https://registry.npmjs.org/@rollup%2frollup-openharmony-arm64 269ms (cache miss)
1075 silly packumentCache full:https://registry.npmjs.org/@rollup%2frollup-openharmony-arm64 set size:undefined disposed:false
1076 silly placeDep ROOT @esbuild/aix-ppc64@0.25.12 OK for: esbuild@0.25.12 want: 0.25.12
1077 silly placeDep ROOT @esbuild/android-arm@0.25.12 OK for: esbuild@0.25.12 want: 0.25.12
1078 silly placeDep ROOT @esbuild/android-arm64@0.25.12 OK for: esbuild@0.25.12 want: 0.25.12
1079 silly placeDep ROOT @esbuild/android-x64@0.25.12 OK for: esbuild@0.25.12 want: 0.25.12
1080 silly placeDep ROOT @esbuild/darwin-arm64@0.25.12 OK for: esbuild@0.25.12 want: 0.25.12
1081 silly placeDep ROOT @esbuild/darwin-x64@0.25.12 OK for: esbuild@0.25.12 want: 0.25.12
1082 silly placeDep ROOT @esbuild/freebsd-arm64@0.25.12 OK for: esbuild@0.25.12 want: 0.25.12
1083 silly placeDep ROOT @esbuild/freebsd-x64@0.25.12 OK for: esbuild@0.25.12 want: 0.25.12
1084 silly placeDep ROOT @esbuild/linux-arm@0.25.12 OK for: esbuild@0.25.12 want: 0.25.12
1085 silly placeDep ROOT @esbuild/linux-arm64@0.25.12 OK for: esbuild@0.25.12 want: 0.25.12
1086 silly placeDep ROOT @esbuild/linux-ia32@0.25.12 OK for: esbuild@0.25.12 want: 0.25.12
1087 silly placeDep ROOT @esbuild/linux-loong64@0.25.12 OK for: esbuild@0.25.12 want: 0.25.12
1088 silly placeDep ROOT @esbuild/linux-mips64el@0.25.12 OK for: esbuild@0.25.12 want: 0.25.12
1089 silly placeDep ROOT @esbuild/linux-ppc64@0.25.12 OK for: esbuild@0.25.12 want: 0.25.12
1090 silly placeDep ROOT @esbuild/linux-riscv64@0.25.12 OK for: esbuild@0.25.12 want: 0.25.12
1091 silly placeDep ROOT @esbuild/linux-s390x@0.25.12 OK for: esbuild@0.25.12 want: 0.25.12
1092 silly placeDep ROOT @esbuild/linux-x64@0.25.12 OK for: esbuild@0.25.12 want: 0.25.12
1093 silly placeDep ROOT @esbuild/netbsd-arm64@0.25.12 OK for: esbuild@0.25.12 want: 0.25.12
1094 silly placeDep ROOT @esbuild/netbsd-x64@0.25.12 OK for: esbuild@0.25.12 want: 0.25.12
1095 silly placeDep ROOT @esbuild/openbsd-arm64@0.25.12 OK for: esbuild@0.25.12 want: 0.25.12
1096 silly placeDep ROOT @esbuild/openbsd-x64@0.25.12 OK for: esbuild@0.25.12 want: 0.25.12
1097 silly placeDep ROOT @esbuild/openharmony-arm64@0.25.12 OK for: esbuild@0.25.12 want: 0.25.12
1098 silly placeDep ROOT @esbuild/sunos-x64@0.25.12 OK for: esbuild@0.25.12 want: 0.25.12
1099 silly placeDep ROOT @esbuild/win32-arm64@0.25.12 OK for: esbuild@0.25.12 want: 0.25.12
1100 silly placeDep ROOT @esbuild/win32-ia32@0.25.12 OK for: esbuild@0.25.12 want: 0.25.12
1101 silly placeDep ROOT @esbuild/win32-x64@0.25.12 OK for: esbuild@0.25.12 want: 0.25.12
1102 silly placeDep ROOT @rollup/rollup-android-arm-eabi@4.60.4 OK for: rollup@4.60.4 want: 4.60.4
1103 silly placeDep ROOT @rollup/rollup-android-arm64@4.60.4 OK for: rollup@4.60.4 want: 4.60.4
1104 silly placeDep ROOT @rollup/rollup-darwin-arm64@4.60.4 OK for: rollup@4.60.4 want: 4.60.4
1105 silly placeDep ROOT @rollup/rollup-darwin-x64@4.60.4 OK for: rollup@4.60.4 want: 4.60.4
1106 silly placeDep ROOT @rollup/rollup-freebsd-arm64@4.60.4 OK for: rollup@4.60.4 want: 4.60.4
1107 silly placeDep ROOT @rollup/rollup-freebsd-x64@4.60.4 OK for: rollup@4.60.4 want: 4.60.4
1108 silly placeDep ROOT @rollup/rollup-linux-arm-gnueabihf@4.60.4 OK for: rollup@4.60.4 want: 4.60.4
1109 silly placeDep ROOT @rollup/rollup-linux-arm-musleabihf@4.60.4 OK for: rollup@4.60.4 want: 4.60.4
1110 silly placeDep ROOT @rollup/rollup-linux-arm64-gnu@4.60.4 OK for: rollup@4.60.4 want: 4.60.4
1111 silly placeDep ROOT @rollup/rollup-linux-arm64-musl@4.60.4 OK for: rollup@4.60.4 want: 4.60.4
1112 silly placeDep ROOT @rollup/rollup-linux-loong64-gnu@4.60.4 OK for: rollup@4.60.4 want: 4.60.4
1113 silly placeDep ROOT @rollup/rollup-linux-loong64-musl@4.60.4 OK for: rollup@4.60.4 want: 4.60.4
1114 silly placeDep ROOT @rollup/rollup-linux-ppc64-gnu@4.60.4 OK for: rollup@4.60.4 want: 4.60.4
1115 silly placeDep ROOT @rollup/rollup-linux-ppc64-musl@4.60.4 OK for: rollup@4.60.4 want: 4.60.4
1116 silly placeDep ROOT @rollup/rollup-linux-riscv64-gnu@4.60.4 OK for: rollup@4.60.4 want: 4.60.4
1117 silly placeDep ROOT @rollup/rollup-linux-riscv64-musl@4.60.4 OK for: rollup@4.60.4 want: 4.60.4
1118 silly placeDep ROOT @rollup/rollup-linux-s390x-gnu@4.60.4 OK for: rollup@4.60.4 want: 4.60.4
1119 silly placeDep ROOT @rollup/rollup-linux-x64-gnu@4.60.4 OK for: rollup@4.60.4 want: 4.60.4
1120 silly placeDep ROOT @rollup/rollup-linux-x64-musl@4.60.4 OK for: rollup@4.60.4 want: 4.60.4
1121 silly placeDep ROOT @rollup/rollup-openbsd-x64@4.60.4 OK for: rollup@4.60.4 want: 4.60.4
1122 silly placeDep ROOT @rollup/rollup-openharmony-arm64@4.60.4 OK for: rollup@4.60.4 want: 4.60.4
1123 silly placeDep ROOT @rollup/rollup-win32-arm64-msvc@4.60.4 OK for: rollup@4.60.4 want: 4.60.4
1124 silly placeDep ROOT @rollup/rollup-win32-ia32-msvc@4.60.4 OK for: rollup@4.60.4 want: 4.60.4
1125 silly placeDep ROOT @rollup/rollup-win32-x64-gnu@4.60.4 OK for: rollup@4.60.4 want: 4.60.4
1126 silly placeDep ROOT @rollup/rollup-win32-x64-msvc@4.60.4 OK for: rollup@4.60.4 want: 4.60.4
1127 silly placeDep ROOT @types/estree@1.0.8 OK for: rollup@4.60.4 want: 1.0.8
1128 silly placeDep node_modules/vite-plugin-full-reload picomatch@2.3.2 OK for: vite-plugin-full-reload@1.2.0 want: ^2.3.1
1129 silly placeDep ROOT cliui@8.0.1 OK for: yargs@17.7.2 want: ^8.0.1
1130 silly placeDep ROOT get-caller-file@2.0.5 OK for: yargs@17.7.2 want: ^2.0.5
1131 silly placeDep ROOT require-directory@2.1.1 OK for: yargs@17.7.2 want: ^2.1.1
1132 silly placeDep ROOT string-width@4.2.3 OK for: yargs@17.7.2 want: ^4.2.3
1133 silly placeDep ROOT y18n@5.0.8 OK for: yargs@17.7.2 want: ^5.0.5
1134 silly placeDep ROOT yargs-parser@21.1.1 OK for: yargs@17.7.2 want: ^21.1.1
1135 silly fetch manifest wrap-ansi@^7.0.0
1136 silly packumentCache full:https://registry.npmjs.org/wrap-ansi cache-miss
1137 silly fetch manifest strip-ansi@^6.0.1
1138 silly packumentCache full:https://registry.npmjs.org/strip-ansi cache-miss
1139 silly fetch manifest string-width@^4.2.0
1140 silly packumentCache full:https://registry.npmjs.org/string-width cache-miss
1141 silly fetch manifest strip-ansi@^6.0.1
1142 silly packumentCache full:https://registry.npmjs.org/strip-ansi cache-miss
1143 silly fetch manifest emoji-regex@^8.0.0
1144 silly packumentCache full:https://registry.npmjs.org/emoji-regex cache-miss
1145 silly fetch manifest is-fullwidth-code-point@^3.0.0
1146 silly packumentCache full:https://registry.npmjs.org/is-fullwidth-code-point cache-miss
1147 http cache https://registry.npmjs.org/string-width 60ms (cache hit)
1148 silly packumentCache full:https://registry.npmjs.org/string-width set size:70381 disposed:false
1149 http fetch GET 200 https://registry.npmjs.org/wrap-ansi 290ms (cache miss)
1150 silly packumentCache full:https://registry.npmjs.org/wrap-ansi set size:undefined disposed:false
1151 http fetch GET 200 https://registry.npmjs.org/strip-ansi 297ms (cache miss)
1152 silly packumentCache full:https://registry.npmjs.org/strip-ansi set size:undefined disposed:false
1153 http fetch GET 200 https://registry.npmjs.org/strip-ansi 301ms (cache miss)
1154 silly packumentCache full:https://registry.npmjs.org/strip-ansi set size:undefined disposed:false
1155 http fetch GET 200 https://registry.npmjs.org/is-fullwidth-code-point 305ms (cache miss)
1156 silly packumentCache full:https://registry.npmjs.org/is-fullwidth-code-point set size:undefined disposed:false
1157 http fetch GET 200 https://registry.npmjs.org/emoji-regex 311ms (cache miss)
1158 silly packumentCache full:https://registry.npmjs.org/emoji-regex set size:undefined disposed:false
1159 silly placeDep ROOT strip-ansi@6.0.1 OK for: cliui@8.0.1 want: ^6.0.1
1160 silly placeDep ROOT wrap-ansi@7.0.0 OK for: cliui@8.0.1 want: ^7.0.0
1161 silly fetch manifest ansi-regex@^5.0.1
1162 silly packumentCache full:https://registry.npmjs.org/ansi-regex cache-miss
1163 http fetch GET 200 https://registry.npmjs.org/ansi-regex 233ms (cache miss)
1164 silly packumentCache full:https://registry.npmjs.org/ansi-regex set size:undefined disposed:false
1165 silly placeDep ROOT emoji-regex@8.0.0 OK for: string-width@4.2.3 want: ^8.0.0
1166 silly placeDep ROOT is-fullwidth-code-point@3.0.0 OK for: string-width@4.2.3 want: ^3.0.0
1167 silly placeDep ROOT ansi-regex@5.0.1 OK for: strip-ansi@6.0.1 want: ^5.0.1
1168 silly placeDep ROOT anymatch@3.1.3 OK for: chokidar@3.6.0 want: ~3.1.2
1169 silly placeDep node_modules/tailwindcss/node_modules/chokidar glob-parent@5.1.2 OK for: chokidar@3.6.0 want: ~5.1.2
1170 silly placeDep ROOT is-binary-path@2.1.0 OK for: chokidar@3.6.0 want: ~2.1.0
1171 silly placeDep node_modules/tailwindcss readdirp@3.6.0 OK for: chokidar@3.6.0 want: ~3.6.0
1172 silly fetch manifest picomatch@^2.0.4
1173 silly packumentCache full:https://registry.npmjs.org/picomatch cache-hit
1174 silly fetch manifest binary-extensions@^2.0.0
1175 silly packumentCache full:https://registry.npmjs.org/binary-extensions cache-miss
1176 silly fetch manifest picomatch@^2.2.1
1177 silly packumentCache full:https://registry.npmjs.org/picomatch cache-hit
1178 http fetch GET 200 https://registry.npmjs.org/binary-extensions 261ms (cache miss)
1179 silly packumentCache full:https://registry.npmjs.org/binary-extensions set size:undefined disposed:false
1180 silly placeDep node_modules/anymatch picomatch@2.3.2 OK for: anymatch@3.1.3 want: ^2.0.4
1181 silly placeDep ROOT binary-extensions@2.3.0 OK for: is-binary-path@2.1.0 want: ^2.0.0
1182 silly placeDep node_modules/tailwindcss picomatch@2.3.2 OK for: readdirp@3.6.0 want: ^2.2.1
1183 silly reify mark retired [ 'C:\\ctr\\node_modules\\ansi-regex' ]
1184 silly reify mark retired [
1184 silly reify   'C:\\ctr\\node_modules\\autoprefixer',
1184 silly reify   'C:\\ctr\\node_modules\\.bin\\autoprefixer',
1184 silly reify   'C:\\ctr\\node_modules\\.bin\\autoprefixer.cmd',
1184 silly reify   'C:\\ctr\\node_modules\\.bin\\autoprefixer.ps1'
1184 silly reify ]
1185 silly reify mark retired [ 'C:\\ctr\\node_modules\\axios' ]
1186 silly reify mark retired [ 'C:\\ctr\\node_modules\\brace-expansion' ]
1187 silly reify mark retired [ 'C:\\ctr\\node_modules\\balanced-match' ]
1188 silly reify mark retired [
1188 silly reify   'C:\\ctr\\node_modules\\browserslist',
1188 silly reify   'C:\\ctr\\node_modules\\.bin\\browserslist',
1188 silly reify   'C:\\ctr\\node_modules\\.bin\\browserslist.cmd',
1188 silly reify   'C:\\ctr\\node_modules\\.bin\\browserslist.ps1'
1188 silly reify ]
1189 silly reify mark retired [ 'C:\\ctr\\node_modules\\bootstrap' ]
1190 silly reify mark retired [ 'C:\\ctr\\node_modules\\cliui\\node_modules\\ansi-regex' ]
1191 silly reify mark retired [ 'C:\\ctr\\node_modules\\cliui\\node_modules\\string-width' ]
1192 silly reify mark retired [ 'C:\\ctr\\node_modules\\cliui\\node_modules\\emoji-regex' ]
1193 silly reify mark retired [ 'C:\\ctr\\node_modules\\cliui\\node_modules\\strip-ansi' ]
1194 silly reify mark retired [ 'C:\\ctr\\node_modules\\cliui\\node_modules\\wrap-ansi' ]
1195 silly reify mark retired [ 'C:\\ctr\\node_modules\\chokidar' ]
1196 silly reify mark retired [ 'C:\\ctr\\node_modules\\caniuse-lite' ]
1197 silly reify mark retired [
1197 silly reify   'C:\\ctr\\node_modules\\concurrently',
1197 silly reify   'C:\\ctr\\node_modules\\.bin\\concurrently',
1197 silly reify   'C:\\ctr\\node_modules\\.bin\\concurrently.cmd',
1197 silly reify   'C:\\ctr\\node_modules\\.bin\\concurrently.ps1',
1197 silly reify   'C:\\ctr\\node_modules\\.bin\\conc',
1197 silly reify   'C:\\ctr\\node_modules\\.bin\\conc.cmd',
1197 silly reify   'C:\\ctr\\node_modules\\.bin\\conc.ps1'
1197 silly reify ]
1198 silly reify mark retired [ 'C:\\ctr\\node_modules\\cross-spawn' ]
1199 silly reify mark retired [
1199 silly reify   'C:\\ctr\\node_modules\\detect-libc',
1199 silly reify   'C:\\ctr\\node_modules\\.bin\\detect-libc',
1199 silly reify   'C:\\ctr\\node_modules\\.bin\\detect-libc.cmd',
1199 silly reify   'C:\\ctr\\node_modules\\.bin\\detect-libc.ps1'
1199 silly reify ]
1200 silly reify mark retired [ 'C:\\ctr\\node_modules\\eastasianwidth' ]
1201 silly reify mark retired [ 'C:\\ctr\\node_modules\\electron-to-chromium' ]
1202 silly reify mark retired [
1202 silly reify   'C:\\ctr\\node_modules\\esbuild',
1202 silly reify   'C:\\ctr\\node_modules\\.bin\\esbuild',
1202 silly reify   'C:\\ctr\\node_modules\\.bin\\esbuild.cmd',
1202 silly reify   'C:\\ctr\\node_modules\\.bin\\esbuild.ps1'
1202 silly reify ]
1203 silly reify mark retired [ 'C:\\ctr\\node_modules\\es-object-atoms' ]
1204 silly reify mark retired [ 'C:\\ctr\\node_modules\\fastq' ]
1205 silly reify mark retired [ 'C:\\ctr\\node_modules\\emoji-regex' ]
1206 silly reify mark retired [ 'C:\\ctr\\node_modules\\follow-redirects' ]
1207 silly reify mark retired [ 'C:\\ctr\\node_modules\\form-data' ]
1208 silly reify mark retired [ 'C:\\ctr\\node_modules\\fraction.js' ]
1209 silly reify mark retired [ 'C:\\ctr\\node_modules\\foreground-child' ]
1210 silly reify mark retired [
1210 silly reify   'C:\\ctr\\node_modules\\glob',
1210 silly reify   'C:\\ctr\\node_modules\\.bin\\glob',
1210 silly reify   'C:\\ctr\\node_modules\\.bin\\glob.cmd',
1210 silly reify   'C:\\ctr\\node_modules\\.bin\\glob.ps1'
1210 silly reify ]
1211 silly reify mark retired [ 'C:\\ctr\\node_modules\\immutable' ]
1212 silly reify mark retired [ 'C:\\ctr\\node_modules\\hasown' ]
1213 silly reify mark retired [ 'C:\\ctr\\node_modules\\is-core-module' ]
1214 silly reify mark retired [ 'C:\\ctr\\node_modules\\isexe' ]
1215 silly reify mark retired [ 'C:\\ctr\\node_modules\\jackspeak' ]
1216 silly reify mark retired [ 'C:\\ctr\\node_modules\\lodash' ]
1217 silly reify mark retired [ 'C:\\ctr\\node_modules\\lru-cache' ]
1218 silly reify mark retired [ 'C:\\ctr\\node_modules\\minimatch' ]
1219 silly reify mark retired [ 'C:\\ctr\\node_modules\\minipass' ]
1220 silly reify mark retired [
1220 silly reify   'C:\\ctr\\node_modules\\nanoid',
1220 silly reify   'C:\\ctr\\node_modules\\.bin\\nanoid',
1220 silly reify   'C:\\ctr\\node_modules\\.bin\\nanoid.cmd',
1220 silly reify   'C:\\ctr\\node_modules\\.bin\\nanoid.ps1'
1220 silly reify ]
1221 silly reify mark retired [ 'C:\\ctr\\node_modules\\node-releases' ]
1222 silly reify mark retired [ 'C:\\ctr\\node_modules\\package-json-from-dist' ]
1223 silly reify mark retired [ 'C:\\ctr\\node_modules\\picomatch' ]
1224 silly reify mark retired [ 'C:\\ctr\\node_modules\\normalize-range' ]
1225 silly reify mark retired [ 'C:\\ctr\\node_modules\\path-key' ]
1226 silly reify mark retired [ 'C:\\ctr\\node_modules\\path-scurry' ]
1227 silly reify mark retired [ 'C:\\ctr\\node_modules\\postcss' ]
1228 silly reify mark retired [ 'C:\\ctr\\node_modules\\postcss-load-config' ]
1229 silly reify mark retired [ 'C:\\ctr\\node_modules\\postcss-js' ]
1230 silly reify mark retired [
1230 silly reify   'C:\\ctr\\node_modules\\resolve',
1230 silly reify   'C:\\ctr\\node_modules\\.bin\\resolve',
1230 silly reify   'C:\\ctr\\node_modules\\.bin\\resolve.cmd',
1230 silly reify   'C:\\ctr\\node_modules\\.bin\\resolve.ps1'
1230 silly reify ]
1231 silly reify mark retired [ 'C:\\ctr\\node_modules\\readdirp' ]
1232 silly reify mark retired [
1232 silly reify   'C:\\ctr\\node_modules\\rollup',
1232 silly reify   'C:\\ctr\\node_modules\\.bin\\rollup',
1232 silly reify   'C:\\ctr\\node_modules\\.bin\\rollup.cmd',
1232 silly reify   'C:\\ctr\\node_modules\\.bin\\rollup.ps1'
1232 silly reify ]
1233 silly reify mark retired [ 'C:\\ctr\\node_modules\\proxy-from-env' ]
1234 silly reify mark retired [ 'C:\\ctr\\node_modules\\signal-exit' ]
1235 silly reify mark retired [
1235 silly reify   'C:\\ctr\\node_modules\\sass',
1235 silly reify   'C:\\ctr\\node_modules\\.bin\\sass',
1235 silly reify   'C:\\ctr\\node_modules\\.bin\\sass.cmd',
1235 silly reify   'C:\\ctr\\node_modules\\.bin\\sass.ps1'
1235 silly reify ]
1236 silly reify mark retired [ 'C:\\ctr\\node_modules\\string-width-cjs' ]
1237 silly reify mark retired [ 'C:\\ctr\\node_modules\\shebang-command' ]
1238 silly reify mark retired [ 'C:\\ctr\\node_modules\\shebang-regex' ]
1239 silly reify mark retired [
1239 silly reify   'C:\\ctr\\node_modules\\sucrase',
1239 silly reify   'C:\\ctr\\node_modules\\.bin\\sucrase',
1239 silly reify   'C:\\ctr\\node_modules\\.bin\\sucrase.cmd',
1239 silly reify   'C:\\ctr\\node_modules\\.bin\\sucrase.ps1',
1239 silly reify   'C:\\ctr\\node_modules\\.bin\\sucrase-node',
1239 silly reify   'C:\\ctr\\node_modules\\.bin\\sucrase-node.cmd',
1239 silly reify   'C:\\ctr\\node_modules\\.bin\\sucrase-node.ps1'
1239 silly reify ]
1240 silly reify mark retired [ 'C:\\ctr\\node_modules\\string-width' ]
1241 silly reify mark retired [ 'C:\\ctr\\node_modules\\strip-ansi-cjs' ]
1242 silly reify mark retired [ 'C:\\ctr\\node_modules\\strip-ansi' ]
1243 silly reify mark retired [
1243 silly reify   'C:\\ctr\\node_modules\\tailwindcss',
1243 silly reify   'C:\\ctr\\node_modules\\.bin\\tailwind',
1243 silly reify   'C:\\ctr\\node_modules\\.bin\\tailwind.cmd',
1243 silly reify   'C:\\ctr\\node_modules\\.bin\\tailwind.ps1',
1243 silly reify   'C:\\ctr\\node_modules\\.bin\\tailwindcss',
1243 silly reify   'C:\\ctr\\node_modules\\.bin\\tailwindcss.cmd',
1243 silly reify   'C:\\ctr\\node_modules\\.bin\\tailwindcss.ps1'
1243 silly reify ]
1244 silly reify mark retired [
1244 silly reify   'C:\\ctr\\node_modules\\vite',
1244 silly reify   'C:\\ctr\\node_modules\\.bin\\vite',
1244 silly reify   'C:\\ctr\\node_modules\\.bin\\vite.cmd',
1244 silly reify   'C:\\ctr\\node_modules\\.bin\\vite.ps1'
1244 silly reify ]
1245 silly reify mark retired [ 'C:\\ctr\\node_modules\\tinyglobby' ]
1246 silly reify mark retired [
1246 silly reify   'C:\\ctr\\node_modules\\update-browserslist-db',
1246 silly reify   'C:\\ctr\\node_modules\\.bin\\update-browserslist-db',
1246 silly reify   'C:\\ctr\\node_modules\\.bin\\update-browserslist-db.cmd',
1246 silly reify   'C:\\ctr\\node_modules\\.bin\\update-browserslist-db.ps1'
1246 silly reify ]
1247 silly reify mark retired [
1247 silly reify   'C:\\ctr\\node_modules\\which',
1247 silly reify   'C:\\ctr\\node_modules\\.bin\\node-which',
1247 silly reify   'C:\\ctr\\node_modules\\.bin\\node-which.cmd',
1247 silly reify   'C:\\ctr\\node_modules\\.bin\\node-which.ps1'
1247 silly reify ]
1248 silly reify mark retired [ 'C:\\ctr\\node_modules\\wrap-ansi-cjs' ]
1249 silly reify mark retired [ 'C:\\ctr\\node_modules\\wrap-ansi' ]
1250 silly reify mark retired [ 'C:\\ctr\\node_modules\\@isaacs\\cliui' ]
1251 silly reify mark retired [ 'C:\\ctr\\node_modules\\yargs\\node_modules\\emoji-regex' ]
1252 silly reify mark retired [ 'C:\\ctr\\node_modules\\yargs\\node_modules\\ansi-regex' ]
1253 silly reify mark retired [ 'C:\\ctr\\node_modules\\yargs\\node_modules\\strip-ansi' ]
1254 silly reify mark retired [ 'C:\\ctr\\node_modules\\yargs\\node_modules\\string-width' ]
1255 silly reify mark retired [
1255 silly reify   'C:\\ctr\\node_modules\\yaml',
1255 silly reify   'C:\\ctr\\node_modules\\.bin\\yaml',
1255 silly reify   'C:\\ctr\\node_modules\\.bin\\yaml.cmd',
1255 silly reify   'C:\\ctr\\node_modules\\.bin\\yaml.ps1'
1255 silly reify ]
1256 silly reify mark retired [ 'C:\\ctr\\node_modules\\@jridgewell\\set-array' ]
1257 silly reify mark retired [ 'C:\\ctr\\node_modules\\@jridgewell\\sourcemap-codec' ]
1258 silly reify mark retired [ 'C:\\ctr\\node_modules\\@esbuild\\win32-x64' ]
1259 silly reify mark retired [ 'C:\\ctr\\node_modules\\@jridgewell\\trace-mapping' ]
1260 silly reify mark retired [ 'C:\\ctr\\node_modules\\@jridgewell\\gen-mapping' ]
1261 silly reify mark retired [ 'C:\\ctr\\node_modules\\@parcel\\watcher-win32-x64' ]
1262 silly reify mark retired [ 'C:\\ctr\\node_modules\\@rollup\\rollup-win32-x64-msvc' ]
1263 silly reify mark retired [ 'C:\\ctr\\node_modules\\@parcel\\watcher' ]
1264 silly reify mark retired [ 'C:\\ctr\\node_modules\\@pkgjs\\parseargs' ]
1265 silly reify mark retired [ 'C:\\ctr\\node_modules\\@types\\estree' ]
1266 silly reify moves {
1266 silly reify   'C:\\ctr\\node_modules\\ansi-regex': 'C:\\ctr\\node_modules\\.ansi-regex-ij08m71i',
1266 silly reify   'C:\\ctr\\node_modules\\autoprefixer': 'C:\\ctr\\node_modules\\.autoprefixer-kKwbZHys',
1266 silly reify   'C:\\ctr\\node_modules\\.bin\\autoprefixer': 'C:\\ctr\\node_modules\\.bin\\.autoprefixer-JCQRgoVG',
1266 silly reify   'C:\\ctr\\node_modules\\.bin\\autoprefixer.cmd': 'C:\\ctr\\node_modules\\.bin\\.autoprefixer.cmd-AIsoBWla',
1266 silly reify   'C:\\ctr\\node_modules\\.bin\\autoprefixer.ps1': 'C:\\ctr\\node_modules\\.bin\\.autoprefixer.ps1-ayE5zJPg',
1266 silly reify   'C:\\ctr\\node_modules\\axios': 'C:\\ctr\\node_modules\\.axios-MWyFjdry',
1266 silly reify   'C:\\ctr\\node_modules\\brace-expansion': 'C:\\ctr\\node_modules\\.brace-expansion-T3dwRlM6',
1266 silly reify   'C:\\ctr\\node_modules\\balanced-match': 'C:\\ctr\\node_modules\\.balanced-match-x9lr83pF',
1266 silly reify   'C:\\ctr\\node_modules\\browserslist': 'C:\\ctr\\node_modules\\.browserslist-ye2ihWN5',
1266 silly reify   'C:\\ctr\\node_modules\\.bin\\browserslist': 'C:\\ctr\\node_modules\\.bin\\.browserslist-Horgtw0a',
1266 silly reify   'C:\\ctr\\node_modules\\.bin\\browserslist.cmd': 'C:\\ctr\\node_modules\\.bin\\.browserslist.cmd-7H8h1WsH',
1266 silly reify   'C:\\ctr\\node_modules\\.bin\\browserslist.ps1': 'C:\\ctr\\node_modules\\.bin\\.browserslist.ps1-kvG0ugZZ',
1266 silly reify   'C:\\ctr\\node_modules\\bootstrap': 'C:\\ctr\\node_modules\\.bootstrap-eucof5W0',
1266 silly reify   'C:\\ctr\\node_modules\\cliui\\node_modules\\ansi-regex': 'C:\\ctr\\node_modules\\cliui\\node_modules\\.ansi-regex-d6PsS6YI',
1266 silly reify   'C:\\ctr\\node_modules\\cliui\\node_modules\\string-width': 'C:\\ctr\\node_modules\\cliui\\node_modules\\.string-width-wv7C4uAt',
1266 silly reify   'C:\\ctr\\node_modules\\cliui\\node_modules\\emoji-regex': 'C:\\ctr\\node_modules\\cliui\\node_modules\\.emoji-regex-XPIoU4vE',
1266 silly reify   'C:\\ctr\\node_modules\\cliui\\node_modules\\strip-ansi': 'C:\\ctr\\node_modules\\cliui\\node_modules\\.strip-ansi-kQ3N9MSy',
1266 silly reify   'C:\\ctr\\node_modules\\cliui\\node_modules\\wrap-ansi': 'C:\\ctr\\node_modules\\cliui\\node_modules\\.wrap-ansi-abFxepWZ',
1266 silly reify   'C:\\ctr\\node_modules\\chokidar': 'C:\\ctr\\node_modules\\.chokidar-zv4lRBwv',
1266 silly reify   'C:\\ctr\\node_modules\\caniuse-lite': 'C:\\ctr\\node_modules\\.caniuse-lite-uqzC2xGu',
1266 silly reify   'C:\\ctr\\node_modules\\concurrently': 'C:\\ctr\\node_modules\\.concurrently-W2G8F1EE',
1266 silly reify   'C:\\ctr\\node_modules\\.bin\\concurrently': 'C:\\ctr\\node_modules\\.bin\\.concurrently-rHQFgNsK',
1266 silly reify   'C:\\ctr\\node_modules\\.bin\\concurrently.cmd': 'C:\\ctr\\node_modules\\.bin\\.concurrently.cmd-lKkiVAH4',
1266 silly reify   'C:\\ctr\\node_modules\\.bin\\concurrently.ps1': 'C:\\ctr\\node_modules\\.bin\\.concurrently.ps1-PJeOu3HV',
1266 silly reify   'C:\\ctr\\node_modules\\.bin\\conc': 'C:\\ctr\\node_modules\\.bin\\.conc-8QaEgrcq',
1266 silly reify   'C:\\ctr\\node_modules\\.bin\\conc.cmd': 'C:\\ctr\\node_modules\\.bin\\.conc.cmd-29rDhLzk',
1266 silly reify   'C:\\ctr\\node_modules\\.bin\\conc.ps1': 'C:\\ctr\\node_modules\\.bin\\.conc.ps1-fIk68I5b',
1266 silly reify   'C:\\ctr\\node_modules\\cross-spawn': 'C:\\ctr\\node_modules\\.cross-spawn-GQkBRSkx',
1266 silly reify   'C:\\ctr\\node_modules\\detect-libc': 'C:\\ctr\\node_modules\\.detect-libc-vcEurvcM',
1266 silly reify   'C:\\ctr\\node_modules\\.bin\\detect-libc': 'C:\\ctr\\node_modules\\.bin\\.detect-libc-92kB074B',
1266 silly reify   'C:\\ctr\\node_modules\\.bin\\detect-libc.cmd': 'C:\\ctr\\node_modules\\.bin\\.detect-libc.cmd-Scedc2PY',
1266 silly reify   'C:\\ctr\\node_modules\\.bin\\detect-libc.ps1': 'C:\\ctr\\node_modules\\.bin\\.detect-libc.ps1-w6Qd7ZEl',
1266 silly reify   'C:\\ctr\\node_modules\\eastasianwidth': 'C:\\ctr\\node_modules\\.eastasianwidth-nV580amb',
1266 silly reify   'C:\\ctr\\node_modules\\electron-to-chromium': 'C:\\ctr\\node_modules\\.electron-to-chromium-BO4dzqxy',
1266 silly reify   'C:\\ctr\\node_modules\\esbuild': 'C:\\ctr\\node_modules\\.esbuild-Udo5yq00',
1266 silly reify   'C:\\ctr\\node_modules\\.bin\\esbuild': 'C:\\ctr\\node_modules\\.bin\\.esbuild-oQvX6VZF',
1266 silly reify   'C:\\ctr\\node_modules\\.bin\\esbuild.cmd': 'C:\\ctr\\node_modules\\.bin\\.esbuild.cmd-xjZrYXBm',
1266 silly reify   'C:\\ctr\\node_modules\\.bin\\esbuild.ps1': 'C:\\ctr\\node_modules\\.bin\\.esbuild.ps1-6CSooDmN',
1266 silly reify   'C:\\ctr\\node_modules\\es-object-atoms': 'C:\\ctr\\node_modules\\.es-object-atoms-Mj9hw1ze',
1266 silly reify   'C:\\ctr\\node_modules\\fastq': 'C:\\ctr\\node_modules\\.fastq-fwsNQbct',
1266 silly reify   'C:\\ctr\\node_modules\\emoji-regex': 'C:\\ctr\\node_modules\\.emoji-regex-4jDDi4F8',
1266 silly reify   'C:\\ctr\\node_modules\\follow-redirects': 'C:\\ctr\\node_modules\\.follow-redirects-qW2zNR3O',
1266 silly reify   'C:\\ctr\\node_modules\\form-data': 'C:\\ctr\\node_modules\\.form-data-KR2qTNux',
1266 silly reify   'C:\\ctr\\node_modules\\fraction.js': 'C:\\ctr\\node_modules\\.fraction.js-hK6c6gNW',
1266 silly reify   'C:\\ctr\\node_modules\\foreground-child': 'C:\\ctr\\node_modules\\.foreground-child-7eCjpWfQ',
1266 silly reify   'C:\\ctr\\node_modules\\glob': 'C:\\ctr\\node_modules\\.glob-P8qMUnUJ',
1266 silly reify   'C:\\ctr\\node_modules\\.bin\\glob': 'C:\\ctr\\node_modules\\.bin\\.glob-dAfZDCpl',
1266 silly reify   'C:\\ctr\\node_modules\\.bin\\glob.cmd': 'C:\\ctr\\node_modules\\.bin\\.glob.cmd-ZFsxLIIf',
1266 silly reify   'C:\\ctr\\node_modules\\.bin\\glob.ps1': 'C:\\ctr\\node_modules\\.bin\\.glob.ps1-ciHem2R5',
1266 silly reify   'C:\\ctr\\node_modules\\immutable': 'C:\\ctr\\node_modules\\.immutable-UOLz42FD',
1266 silly reify   'C:\\ctr\\node_modules\\hasown': 'C:\\ctr\\node_modules\\.hasown-iIOiXZXJ',
1266 silly reify   'C:\\ctr\\node_modules\\is-core-module': 'C:\\ctr\\node_modules\\.is-core-module-zCYoErkV',
1266 silly reify   'C:\\ctr\\node_modules\\isexe': 'C:\\ctr\\node_modules\\.isexe-6plu0VAt',
1266 silly reify   'C:\\ctr\\node_modules\\jackspeak': 'C:\\ctr\\node_modules\\.jackspeak-buvgghuu',
1266 silly reify   'C:\\ctr\\node_modules\\lodash': 'C:\\ctr\\node_modules\\.lodash-YKi52Svm',
1266 silly reify   'C:\\ctr\\node_modules\\lru-cache': 'C:\\ctr\\node_modules\\.lru-cache-IGXyRTXN',
1266 silly reify   'C:\\ctr\\node_modules\\minimatch': 'C:\\ctr\\node_modules\\.minimatch-UujkXTGB',
1266 silly reify   'C:\\ctr\\node_modules\\minipass': 'C:\\ctr\\node_modules\\.minipass-mrnbe8AN',
1266 silly reify   'C:\\ctr\\node_modules\\nanoid': 'C:\\ctr\\node_modules\\.nanoid-Y01GEdJO',
1266 silly reify   'C:\\ctr\\node_modules\\.bin\\nanoid': 'C:\\ctr\\node_modules\\.bin\\.nanoid-GbkuMSsX',
1266 silly reify   'C:\\ctr\\node_modules\\.bin\\nanoid.cmd': 'C:\\ctr\\node_modules\\.bin\\.nanoid.cmd-3jj2IRH9',
1266 silly reify   'C:\\ctr\\node_modules\\.bin\\nanoid.ps1': 'C:\\ctr\\node_modules\\.bin\\.nanoid.ps1-cCYbzVSf',
1266 silly reify   'C:\\ctr\\node_modules\\node-releases': 'C:\\ctr\\node_modules\\.node-releases-LUWfzlQP',
1266 silly reify   'C:\\ctr\\node_modules\\package-json-from-dist': 'C:\\ctr\\node_modules\\.package-json-from-dist-nWEpEyNk',
1266 silly reify   'C:\\ctr\\node_modules\\picomatch': 'C:\\ctr\\node_modules\\.picomatch-CmU4J55n',
1266 silly reify   'C:\\ctr\\node_modules\\normalize-range': 'C:\\ctr\\node_modules\\.normalize-range-ktLRbJre',
1266 silly reify   'C:\\ctr\\node_modules\\path-key': 'C:\\ctr\\node_modules\\.path-key-rbCjQfxf',
1266 silly reify   'C:\\ctr\\node_modules\\path-scurry': 'C:\\ctr\\node_modules\\.path-scurry-BPoHxvWQ',
1266 silly reify   'C:\\ctr\\node_modules\\postcss': 'C:\\ctr\\node_modules\\.postcss-vytVRkKK',
1266 silly reify   'C:\\ctr\\node_modules\\postcss-load-config': 'C:\\ctr\\node_modules\\.postcss-load-config-uJoxSADC',
1266 silly reify   'C:\\ctr\\node_modules\\postcss-js': 'C:\\ctr\\node_modules\\.postcss-js-s93GabCB',
1266 silly reify   'C:\\ctr\\node_modules\\resolve': 'C:\\ctr\\node_modules\\.resolve-X1o8BCDo',
1266 silly reify   'C:\\ctr\\node_modules\\.bin\\resolve': 'C:\\ctr\\node_modules\\.bin\\.resolve-ldmPr7B1',
1266 silly reify   'C:\\ctr\\node_modules\\.bin\\resolve.cmd': 'C:\\ctr\\node_modules\\.bin\\.resolve.cmd-h7uEMml7',
1266 silly reify   'C:\\ctr\\node_modules\\.bin\\resolve.ps1': 'C:\\ctr\\node_modules\\.bin\\.resolve.ps1-SmBKuYh6',
1266 silly reify   'C:\\ctr\\node_modules\\readdirp': 'C:\\ctr\\node_modules\\.readdirp-Mjw9adHl',
1266 silly reify   'C:\\ctr\\node_modules\\rollup': 'C:\\ctr\\node_modules\\.rollup-D6cNNWKT',
1266 silly reify   'C:\\ctr\\node_modules\\.bin\\rollup': 'C:\\ctr\\node_modules\\.bin\\.rollup-iktlrj3X',
1266 silly reify   'C:\\ctr\\node_modules\\.bin\\rollup.cmd': 'C:\\ctr\\node_modules\\.bin\\.rollup.cmd-ilPrsuwZ',
1266 silly reify   'C:\\ctr\\node_modules\\.bin\\rollup.ps1': 'C:\\ctr\\node_modules\\.bin\\.rollup.ps1-chtzfBL7',
1266 silly reify   'C:\\ctr\\node_modules\\proxy-from-env': 'C:\\ctr\\node_modules\\.proxy-from-env-yTABUdgp',
1266 silly reify   'C:\\ctr\\node_modules\\signal-exit': 'C:\\ctr\\node_modules\\.signal-exit-HW4FNJdY',
1266 silly reify   'C:\\ctr\\node_modules\\sass': 'C:\\ctr\\node_modules\\.sass-S3UmSCru',
1266 silly reify   'C:\\ctr\\node_modules\\.bin\\sass': 'C:\\ctr\\node_modules\\.bin\\.sass-EhuxPmsF',
1266 silly reify   'C:\\ctr\\node_modules\\.bin\\sass.cmd': 'C:\\ctr\\node_modules\\.bin\\.sass.cmd-nlWdtBrz',
1266 silly reify   'C:\\ctr\\node_modules\\.bin\\sass.ps1': 'C:\\ctr\\node_modules\\.bin\\.sass.ps1-bXZ2M4qT',
1266 silly reify   'C:\\ctr\\node_modules\\string-width-cjs': 'C:\\ctr\\node_modules\\.string-width-cjs-phT6f4qn',
1266 silly reify   'C:\\ctr\\node_modules\\shebang-command': 'C:\\ctr\\node_modules\\.shebang-command-bNN6TRkW',
1266 silly reify   'C:\\ctr\\node_modules\\shebang-regex': 'C:\\ctr\\node_modules\\.shebang-regex-fLf9ffNc',
1266 silly reify   'C:\\ctr\\node_modules\\sucrase': 'C:\\ctr\\node_modules\\.sucrase-o9ZWlNbV',
1266 silly reify   'C:\\ctr\\node_modules\\.bin\\sucrase': 'C:\\ctr\\node_modules\\.bin\\.sucrase-QBdpdhk8',
1266 silly reify   'C:\\ctr\\node_modules\\.bin\\sucrase.cmd': 'C:\\ctr\\node_modules\\.bin\\.sucrase.cmd-njYlqh9C',
1266 silly reify   'C:\\ctr\\node_modules\\.bin\\sucrase.ps1': 'C:\\ctr\\node_modules\\.bin\\.sucrase.ps1-jISF50wL',
1266 silly reify   'C:\\ctr\\node_modules\\.bin\\sucrase-node': 'C:\\ctr\\node_modules\\.bin\\.sucrase-node-ucCLdGR5',
1266 silly reify   'C:\\ctr\\node_modules\\.bin\\sucrase-node.cmd': 'C:\\ctr\\node_modules\\.bin\\.sucrase-node.cmd-XxUlKx85',
1266 silly reify   'C:\\ctr\\node_modules\\.bin\\sucrase-node.ps1': 'C:\\ctr\\node_modules\\.bin\\.sucrase-node.ps1-U5AlXPwT',
1266 silly reify   'C:\\ctr\\node_modules\\string-width': 'C:\\ctr\\node_modules\\.string-width-YergDaO0',
1266 silly reify   'C:\\ctr\\node_modules\\strip-ansi-cjs': 'C:\\ctr\\node_modules\\.strip-ansi-cjs-YYTbxmt8',
1266 silly reify   'C:\\ctr\\node_modules\\strip-ansi': 'C:\\ctr\\node_modules\\.strip-ansi-6bpCuG6i',
1266 silly reify   'C:\\ctr\\node_modules\\tailwindcss': 'C:\\ctr\\node_modules\\.tailwindcss-q7ya0lI2',
1266 silly reify   'C:\\ctr\\node_modules\\.bin\\tailwind': 'C:\\ctr\\node_modules\\.bin\\.tailwind-d6tmBoUi',
1266 silly reify   'C:\\ctr\\node_modules\\.bin\\tailwind.cmd': 'C:\\ctr\\node_modules\\.bin\\.tailwind.cmd-dYI9UXVN',
1266 silly reify   'C:\\ctr\\node_modules\\.bin\\tailwind.ps1': 'C:\\ctr\\node_modules\\.bin\\.tailwind.ps1-JaWNq6pI',
1266 silly reify   'C:\\ctr\\node_modules\\.bin\\tailwindcss': 'C:\\ctr\\node_modules\\.bin\\.tailwindcss-VQzGmkee',
1266 silly reify   'C:\\ctr\\node_modules\\.bin\\tailwindcss.cmd': 'C:\\ctr\\node_modules\\.bin\\.tailwindcss.cmd-eyHQl8Je',
1266 silly reify   'C:\\ctr\\node_modules\\.bin\\tailwindcss.ps1': 'C:\\ctr\\node_modules\\.bin\\.tailwindcss.ps1-5BrkvJ9D',
1266 silly reify   'C:\\ctr\\node_modules\\vite': 'C:\\ctr\\node_modules\\.vite-TeQCQwla',
1266 silly reify   'C:\\ctr\\node_modules\\.bin\\vite': 'C:\\ctr\\node_modules\\.bin\\.vite-76sOniKW',
1266 silly reify   'C:\\ctr\\node_modules\\.bin\\vite.cmd': 'C:\\ctr\\node_modules\\.bin\\.vite.cmd-5Dhk8SWn',
1266 silly reify   'C:\\ctr\\node_modules\\.bin\\vite.ps1': 'C:\\ctr\\node_modules\\.bin\\.vite.ps1-QmE1fsPe',
1266 silly reify   'C:\\ctr\\node_modules\\tinyglobby': 'C:\\ctr\\node_modules\\.tinyglobby-yESqzgId',
1266 silly reify   'C:\\ctr\\node_modules\\update-browserslist-db': 'C:\\ctr\\node_modules\\.update-browserslist-db-GVe7uCvW',
1266 silly reify   'C:\\ctr\\node_modules\\.bin\\update-browserslist-db': 'C:\\ctr\\node_modules\\.bin\\.update-browserslist-db-BYK0xuBo',
1266 silly reify   'C:\\ctr\\node_modules\\.bin\\update-browserslist-db.cmd': 'C:\\ctr\\node_modules\\.bin\\.update-browserslist-db.cmd-X18LtRx6',
1266 silly reify   'C:\\ctr\\node_modules\\.bin\\update-browserslist-db.ps1': 'C:\\ctr\\node_modules\\.bin\\.update-browserslist-db.ps1-wxQfrlVq',
1266 silly reify   'C:\\ctr\\node_modules\\which': 'C:\\ctr\\node_modules\\.which-Cg7CggR9',
1266 silly reify   'C:\\ctr\\node_modules\\.bin\\node-which': 'C:\\ctr\\node_modules\\.bin\\.node-which-IuWKfxKD',
1266 silly reify   'C:\\ctr\\node_modules\\.bin\\node-which.cmd': 'C:\\ctr\\node_modules\\.bin\\.node-which.cmd-43RECB7l',
1266 silly reify   'C:\\ctr\\node_modules\\.bin\\node-which.ps1': 'C:\\ctr\\node_modules\\.bin\\.node-which.ps1-OHbpFd8y',
1266 silly reify   'C:\\ctr\\node_modules\\wrap-ansi-cjs': 'C:\\ctr\\node_modules\\.wrap-ansi-cjs-usoT5Y3W',
1266 silly reify   'C:\\ctr\\node_modules\\wrap-ansi': 'C:\\ctr\\node_modules\\.wrap-ansi-N6NwTaI8',
1266 silly reify   'C:\\ctr\\node_modules\\@isaacs\\cliui': 'C:\\ctr\\node_modules\\@isaacs\\.cliui-BDyB4Uhx',
1266 silly reify   'C:\\ctr\\node_modules\\yargs\\node_modules\\emoji-regex': 'C:\\ctr\\node_modules\\yargs\\node_modules\\.emoji-regex-WKmQUNqG',
1266 silly reify   'C:\\ctr\\node_modules\\yargs\\node_modules\\ansi-regex': 'C:\\ctr\\node_modules\\yargs\\node_modules\\.ansi-regex-poFLwK8z',
1266 silly reify   'C:\\ctr\\node_modules\\yargs\\node_modules\\strip-ansi': 'C:\\ctr\\node_modules\\yargs\\node_modules\\.strip-ansi-CiHpjLLs',
1266 silly reify   'C:\\ctr\\node_modules\\yargs\\node_modules\\string-width': 'C:\\ctr\\node_modules\\yargs\\node_modules\\.string-width-oRevrozv',
1266 silly reify   'C:\\ctr\\node_modules\\yaml': 'C:\\ctr\\node_modules\\.yaml-9t02L5lZ',
1266 silly reify   'C:\\ctr\\node_modules\\.bin\\yaml': 'C:\\ctr\\node_modules\\.bin\\.yaml-z5L1ceg7',
1266 silly reify   'C:\\ctr\\node_modules\\.bin\\yaml.cmd': 'C:\\ctr\\node_modules\\.bin\\.yaml.cmd-2d3oa4yK',
1266 silly reify   'C:\\ctr\\node_modules\\.bin\\yaml.ps1': 'C:\\ctr\\node_modules\\.bin\\.yaml.ps1-EX6oB5sg',
1266 silly reify   'C:\\ctr\\node_modules\\@jridgewell\\set-array': 'C:\\ctr\\node_modules\\@jridgewell\\.set-array-aDfaWdXf',
1266 silly reify   'C:\\ctr\\node_modules\\@jridgewell\\sourcemap-codec': 'C:\\ctr\\node_modules\\@jridgewell\\.sourcemap-codec-7Ca990e7',
1266 silly reify   'C:\\ctr\\node_modules\\@esbuild\\win32-x64': 'C:\\ctr\\node_modules\\@esbuild\\.win32-x64-nqUmjr5G',
1266 silly reify   'C:\\ctr\\node_modules\\@jridgewell\\trace-mapping': 'C:\\ctr\\node_modules\\@jridgewell\\.trace-mapping-gbUhYNiP',
1266 silly reify   'C:\\ctr\\node_modules\\@jridgewell\\gen-mapping': 'C:\\ctr\\node_modules\\@jridgewell\\.gen-mapping-DMCacqG6',
1266 silly reify   'C:\\ctr\\node_modules\\@parcel\\watcher-win32-x64': 'C:\\ctr\\node_modules\\@parcel\\.watcher-win32-x64-Dbnh7SX1',
1266 silly reify   'C:\\ctr\\node_modules\\@rollup\\rollup-win32-x64-msvc': 'C:\\ctr\\node_modules\\@rollup\\.rollup-win32-x64-msvc-be7unEbY',
1266 silly reify   'C:\\ctr\\node_modules\\@parcel\\watcher': 'C:\\ctr\\node_modules\\@parcel\\.watcher-VN3rMju3',
1266 silly reify   'C:\\ctr\\node_modules\\@pkgjs\\parseargs': 'C:\\ctr\\node_modules\\@pkgjs\\.parseargs-TTSDB11Q',
1266 silly reify   'C:\\ctr\\node_modules\\@types\\estree': 'C:\\ctr\\node_modules\\@types\\.estree-T5zVyL3a'
1266 silly reify }
1267 silly audit bulk request {
1267 silly audit   '@popperjs/core': [ '2.11.8' ],
1267 silly audit   autoprefixer: [ '10.5.0' ],
1267 silly audit   postcss: [ '8.5.15' ],
1267 silly audit   axios: [ '1.16.1' ],
1267 silly audit   bootstrap: [ '5.3.8' ],
1267 silly audit   'bootstrap-icons': [ '1.13.1' ],
1267 silly audit   concurrently: [ '9.2.1' ],
1267 silly audit   'laravel-vite-plugin': [ '1.3.0' ],
1267 silly audit   vite: [ '6.4.2' ],
1267 silly audit   sass: [ '1.100.0' ],
1267 silly audit   tailwindcss: [ '3.4.19' ],
1267 silly audit   browserslist: [ '4.28.2' ],
1267 silly audit   'caniuse-lite': [ '1.0.30001793' ],
1267 silly audit   'fraction.js': [ '5.3.4' ],
1267 silly audit   picocolors: [ '1.1.1' ],
1267 silly audit   'postcss-value-parser': [ '4.2.0' ],
1267 silly audit   'follow-redirects': [ '1.16.0' ],
1267 silly audit   'form-data': [ '4.0.5' ],
1267 silly audit   'https-proxy-agent': [ '5.0.1' ],
1267 silly audit   'proxy-from-env': [ '2.1.0' ],
1267 silly audit   'baseline-browser-mapping': [ '2.10.33' ],
1267 silly audit   'electron-to-chromium': [ '1.5.364' ],
1267 silly audit   'node-releases': [ '2.0.46' ],
1267 silly audit   'update-browserslist-db': [ '1.2.3' ],
1267 silly audit   chalk: [ '4.1.2' ],
1267 silly audit   rxjs: [ '7.8.2' ],
1267 silly audit   'shell-quote': [ '1.8.3' ],
1267 silly audit   'supports-color': [ '8.1.1', '7.2.0' ],
1267 silly audit   'tree-kill': [ '1.2.2' ],
1267 silly audit   yargs: [ '17.7.2' ],
1267 silly audit   'ansi-styles': [ '4.3.0' ],
1267 silly audit   'color-convert': [ '2.0.1' ],
1267 silly audit   'color-name': [ '1.1.4' ],
1267 silly audit   asynckit: [ '0.4.0' ],
1267 silly audit   'combined-stream': [ '1.0.8' ],
1267 silly audit   'es-set-tostringtag': [ '2.1.0' ],
1267 silly audit   hasown: [ '2.0.4' ],
1267 silly audit   'mime-types': [ '2.1.35' ],
1267 silly audit   'delayed-stream': [ '1.0.0' ],
1267 silly audit   'es-errors': [ '1.3.0' ],
1267 silly audit   'get-intrinsic': [ '1.3.0' ],
1267 silly audit   'has-tostringtag': [ '1.0.2' ],
1267 silly audit   'call-bind-apply-helpers': [ '1.0.2' ],
1267 silly audit   'es-define-property': [ '1.0.1' ],
1267 silly audit   'es-object-atoms': [ '1.1.2' ],
1267 silly audit   'function-bind': [ '1.1.2' ],
1267 silly audit   'get-proto': [ '1.0.1' ],
1267 silly audit   gopd: [ '1.2.0' ],
1267 silly audit   'has-symbols': [ '1.1.0' ],
1267 silly audit   'math-intrinsics': [ '1.1.0' ],
1267 silly audit   'dunder-proto': [ '1.0.1' ],
1267 silly audit   'agent-base': [ '6.0.2' ],
1267 silly audit   debug: [ '4.4.3' ],
1267 silly audit   ms: [ '2.1.3' ],
1267 silly audit   'vite-plugin-full-reload': [ '1.2.0' ],
1267 silly audit   'mime-db': [ '1.52.0' ],
1267 silly audit   nanoid: [ '3.3.12' ],
1267 silly audit   'source-map-js': [ '1.2.1' ],
1267 silly audit   tslib: [ '2.8.1' ],
1267 silly audit   '@parcel/watcher': [ '2.5.6' ],
1267 silly audit   chokidar: [ '5.0.0', '3.6.0' ],
1267 silly audit   immutable: [ '5.1.6' ],
1267 silly audit   '@parcel/watcher-android-arm64': [ '2.5.6' ],
1267 silly audit   '@parcel/watcher-darwin-arm64': [ '2.5.6' ],
1267 silly audit   '@parcel/watcher-darwin-x64': [ '2.5.6' ],
1267 silly audit   '@parcel/watcher-freebsd-x64': [ '2.5.6' ],
1267 silly audit   '@parcel/watcher-linux-arm-glibc': [ '2.5.6' ],
1267 silly audit   '@parcel/watcher-linux-arm-musl': [ '2.5.6' ],
1267 silly audit   '@parcel/watcher-linux-arm64-glibc': [ '2.5.6' ],
1267 silly audit   '@parcel/watcher-linux-arm64-musl': [ '2.5.6' ],
1267 silly audit   '@parcel/watcher-linux-x64-glibc': [ '2.5.6' ],
1267 silly audit   '@parcel/watcher-linux-x64-musl': [ '2.5.6' ],
1267 silly audit   '@parcel/watcher-win32-arm64': [ '2.5.6' ],
1267 silly audit   '@parcel/watcher-win32-ia32': [ '2.5.6' ],
1267 silly audit   '@parcel/watcher-win32-x64': [ '2.5.6' ],
1267 silly audit   'detect-libc': [ '2.1.2' ],
1267 silly audit   'is-glob': [ '4.0.3' ],
1267 silly audit   'node-addon-api': [ '7.1.1' ],
1267 silly audit   picomatch: [ '4.0.4', '2.3.2' ],
1267 silly audit   readdirp: [ '5.0.0', '3.6.0' ],
1267 silly audit   'is-extglob': [ '2.1.1' ],
1267 silly audit   'has-flag': [ '4.0.0' ],
1267 silly audit   '@alloc/quick-lru': [ '5.2.0' ],
1267 silly audit   arg: [ '5.0.2' ],
1267 silly audit   didyoumean: [ '1.2.2' ],
1267 silly audit   dlv: [ '1.1.3' ],
1267 silly audit   'fast-glob': [ '3.3.3' ],
1267 silly audit   'glob-parent': [ '6.0.2', '5.1.2' ],
1267 silly audit   jiti: [ '1.21.7' ],
1267 silly audit   lilconfig: [ '3.1.3' ],
1267 silly audit   micromatch: [ '4.0.8' ],
1267 silly audit   'normalize-path': [ '3.0.0' ],
1267 silly audit   'object-hash': [ '3.0.0' ],
1267 silly audit   'postcss-import': [ '15.1.0' ],
1267 silly audit   'postcss-js': [ '4.1.0' ],
1267 silly audit   'postcss-load-config': [ '6.0.1' ],
1267 silly audit   'postcss-nested': [ '6.2.0' ],
1267 silly audit   'postcss-selector-parser': [ '6.1.2' ],
1267 silly audit   resolve: [ '1.22.12' ],
1267 silly audit   sucrase: [ '3.35.1' ],
1267 silly audit   '@nodelib/fs.stat': [ '2.0.5' ],
1267 silly audit   '@nodelib/fs.walk': [ '1.2.8' ],
1267 silly audit   merge2: [ '1.4.1' ],
1267 silly audit   '@nodelib/fs.scandir': [ '2.1.5' ],
1267 silly audit   fastq: [ '1.20.1' ],
1267 silly audit   'run-parallel': [ '1.2.0' ],
1267 silly audit   reusify: [ '1.1.0' ],
1267 silly audit   braces: [ '3.0.3' ],
1267 silly audit   'fill-range': [ '7.1.1' ],
1267 silly audit   'to-regex-range': [ '5.0.1' ],
1267 silly audit   'read-cache': [ '1.0.0' ],
1267 silly audit   'camelcase-css': [ '2.0.1' ],
1267 silly audit   cssesc: [ '3.0.0' ],
1267 silly audit   'util-deprecate': [ '1.0.2' ],
1267 silly audit   pify: [ '2.3.0' ],
1267 silly audit   'is-core-module': [ '2.16.2' ],
1267 silly audit   'path-parse': [ '1.0.7' ],
1267 silly audit   'supports-preserve-symlinks-flag': [ '1.0.0' ],
1267 silly audit   'queue-microtask': [ '1.2.3' ],
1267 silly audit   '@jridgewell/gen-mapping': [ '0.3.13' ],
1267 silly audit   commander: [ '4.1.1' ],
1267 silly audit   'lines-and-columns': [ '1.2.4' ],
1267 silly audit   mz: [ '2.7.0' ],
1267 silly audit   pirates: [ '4.0.7' ],
1267 silly audit   tinyglobby: [ '0.2.17' ],
1267 silly audit   'ts-interface-checker': [ '0.1.13' ],
1267 silly audit   '@jridgewell/sourcemap-codec': [ '1.5.5' ],
1267 silly audit   '@jridgewell/trace-mapping': [ '0.3.31' ],
1267 silly audit   '@jridgewell/resolve-uri': [ '3.1.2' ],
1267 silly audit   'any-promise': [ '1.3.0' ],
1267 silly audit   'object-assign': [ '4.1.1' ],
1267 silly audit   'thenify-all': [ '1.6.0' ],
1267 silly audit   thenify: [ '3.3.1' ],
1267 silly audit   fdir: [ '6.5.0' ],
1267 silly audit   'is-number': [ '7.0.0' ],
1267 silly audit   escalade: [ '3.2.0' ],
1267 silly audit   esbuild: [ '0.25.12' ],
1267 silly audit   fsevents: [ '2.3.3' ],
1267 silly audit   rollup: [ '4.60.4' ],
1267 silly audit   '@esbuild/aix-ppc64': [ '0.25.12' ],
1267 silly audit   '@esbuild/android-arm': [ '0.25.12' ],
1267 silly audit   '@esbuild/android-arm64': [ '0.25.12' ],
1267 silly audit   '@esbuild/android-x64': [ '0.25.12' ],
1267 silly audit   '@esbuild/darwin-arm64': [ '0.25.12' ],
1267 silly audit   '@esbuild/darwin-x64': [ '0.25.12' ],
1267 silly audit   '@esbuild/freebsd-arm64': [ '0.25.12' ],
1267 silly audit   '@esbuild/freebsd-x64': [ '0.25.12' ],
1267 silly audit   '@esbuild/linux-arm': [ '0.25.12' ],
1267 silly audit   '@esbuild/linux-arm64': [ '0.25.12' ],
1267 silly audit   '@esbuild/linux-ia32': [ '0.25.12' ],
1267 silly audit   '@esbuild/linux-loong64': [ '0.25.12' ],
1267 silly audit   '@esbuild/linux-mips64el': [ '0.25.12' ],
1267 silly audit   '@esbuild/linux-ppc64': [ '0.25.12' ],
1267 silly audit   '@esbuild/linux-riscv64': [ '0.25.12' ],
1267 silly audit   '@esbuild/linux-s390x': [ '0.25.12' ],
1267 silly audit   '@esbuild/linux-x64': [ '0.25.12' ],
1267 silly audit   '@esbuild/netbsd-arm64': [ '0.25.12' ],
1267 silly audit   '@esbuild/netbsd-x64': [ '0.25.12' ],
1267 silly audit   '@esbuild/openbsd-arm64': [ '0.25.12' ],
1267 silly audit   '@esbuild/openbsd-x64': [ '0.25.12' ],
1267 silly audit   '@esbuild/openharmony-arm64': [ '0.25.12' ],
1267 silly audit   '@esbuild/sunos-x64': [ '0.25.12' ],
1267 silly audit   '@esbuild/win32-arm64': [ '0.25.12' ],
1267 silly audit   '@esbuild/win32-ia32': [ '0.25.12' ],
1267 silly audit   '@esbuild/win32-x64': [ '0.25.12' ],
1267 silly audit   '@rollup/rollup-android-arm-eabi': [ '4.60.4' ],
1267 silly audit   '@rollup/rollup-android-arm64': [ '4.60.4' ],
1267 silly audit   '@rollup/rollup-darwin-arm64': [ '4.60.4' ],
1267 silly audit   '@rollup/rollup-darwin-x64': [ '4.60.4' ],
1267 silly audit   '@rollup/rollup-freebsd-arm64': [ '4.60.4' ],
1267 silly audit   '@rollup/rollup-freebsd-x64': [ '4.60.4' ],
1267 silly audit   '@rollup/rollup-linux-arm-gnueabihf': [ '4.60.4' ],
1267 silly audit   '@rollup/rollup-linux-arm-musleabihf': [ '4.60.4' ],
1267 silly audit   '@rollup/rollup-linux-arm64-gnu': [ '4.60.4' ],
1267 silly audit   '@rollup/rollup-linux-arm64-musl': [ '4.60.4' ],
1267 silly audit   '@rollup/rollup-linux-loong64-gnu': [ '4.60.4' ],
1267 silly audit   '@rollup/rollup-linux-loong64-musl': [ '4.60.4' ],
1267 silly audit   '@rollup/rollup-linux-ppc64-gnu': [ '4.60.4' ],
1267 silly audit   '@rollup/rollup-linux-ppc64-musl': [ '4.60.4' ],
1267 silly audit   '@rollup/rollup-linux-riscv64-gnu': [ '4.60.4' ],
1267 silly audit   '@rollup/rollup-linux-riscv64-musl': [ '4.60.4' ],
1267 silly audit   '@rollup/rollup-linux-s390x-gnu': [ '4.60.4' ],
1267 silly audit   '@rollup/rollup-linux-x64-gnu': [ '4.60.4' ],
1267 silly audit   '@rollup/rollup-linux-x64-musl': [ '4.60.4' ],
1267 silly audit   '@rollup/rollup-openbsd-x64': [ '4.60.4' ],
1267 silly audit   '@rollup/rollup-openharmony-arm64': [ '4.60.4' ],
1267 silly audit   '@rollup/rollup-win32-arm64-msvc': [ '4.60.4' ],
1267 silly audit   '@rollup/rollup-win32-ia32-msvc': [ '4.60.4' ],
1267 silly audit   '@rollup/rollup-win32-x64-gnu': [ '4.60.4' ],
1267 silly audit   '@rollup/rollup-win32-x64-msvc': [ '4.60.4' ],
1267 silly audit   '@types/estree': [ '1.0.8' ],
1267 silly audit   cliui: [ '8.0.1' ],
1267 silly audit   'get-caller-file': [ '2.0.5' ],
1267 silly audit   'require-directory': [ '2.1.1' ],
1267 silly audit   'string-width': [ '4.2.3' ],
1267 silly audit   y18n: [ '5.0.8' ],
1267 silly audit   'yargs-parser': [ '21.1.1' ],
1267 silly audit   'strip-ansi': [ '6.0.1' ],
1267 silly audit   'wrap-ansi': [ '7.0.0' ],
1267 silly audit   'emoji-regex': [ '8.0.0' ],
1267 silly audit   'is-fullwidth-code-point': [ '3.0.0' ],
1267 silly audit   'ansi-regex': [ '5.0.1' ],
1267 silly audit   anymatch: [ '3.1.3' ],
1267 silly audit   'is-binary-path': [ '2.1.0' ],
1267 silly audit   'binary-extensions': [ '2.3.0' ]
1267 silly audit }
1268 verbose reify failed optional dependency C:\ctr\node_modules\@rollup\rollup-win32-ia32-msvc
1269 silly reify mark deleted [ 'C:\\ctr\\node_modules\\@rollup\\rollup-win32-ia32-msvc' ]
1270 verbose reify failed optional dependency C:\ctr\node_modules\@rollup\rollup-win32-arm64-msvc
1271 silly reify mark deleted [ 'C:\\ctr\\node_modules\\@rollup\\rollup-win32-arm64-msvc' ]
1272 verbose reify failed optional dependency C:\ctr\node_modules\@rollup\rollup-openharmony-arm64
1273 silly reify mark deleted [ 'C:\\ctr\\node_modules\\@rollup\\rollup-openharmony-arm64' ]
1274 verbose reify failed optional dependency C:\ctr\node_modules\@rollup\rollup-openbsd-x64
1275 silly reify mark deleted [ 'C:\\ctr\\node_modules\\@rollup\\rollup-openbsd-x64' ]
1276 verbose reify failed optional dependency C:\ctr\node_modules\@rollup\rollup-linux-x64-musl
1277 silly reify mark deleted [ 'C:\\ctr\\node_modules\\@rollup\\rollup-linux-x64-musl' ]
1278 verbose reify failed optional dependency C:\ctr\node_modules\@rollup\rollup-linux-x64-gnu
1279 silly reify mark deleted [ 'C:\\ctr\\node_modules\\@rollup\\rollup-linux-x64-gnu' ]
1280 verbose reify failed optional dependency C:\ctr\node_modules\@rollup\rollup-linux-s390x-gnu
1281 silly reify mark deleted [ 'C:\\ctr\\node_modules\\@rollup\\rollup-linux-s390x-gnu' ]
1282 verbose reify failed optional dependency C:\ctr\node_modules\@rollup\rollup-linux-riscv64-musl
1283 silly reify mark deleted [ 'C:\\ctr\\node_modules\\@rollup\\rollup-linux-riscv64-musl' ]
1284 verbose reify failed optional dependency C:\ctr\node_modules\@rollup\rollup-linux-riscv64-gnu
1285 silly reify mark deleted [ 'C:\\ctr\\node_modules\\@rollup\\rollup-linux-riscv64-gnu' ]
1286 verbose reify failed optional dependency C:\ctr\node_modules\@rollup\rollup-linux-ppc64-musl
1287 silly reify mark deleted [ 'C:\\ctr\\node_modules\\@rollup\\rollup-linux-ppc64-musl' ]
1288 verbose reify failed optional dependency C:\ctr\node_modules\@rollup\rollup-linux-ppc64-gnu
1289 silly reify mark deleted [ 'C:\\ctr\\node_modules\\@rollup\\rollup-linux-ppc64-gnu' ]
1290 verbose reify failed optional dependency C:\ctr\node_modules\@rollup\rollup-linux-loong64-musl
1291 silly reify mark deleted [ 'C:\\ctr\\node_modules\\@rollup\\rollup-linux-loong64-musl' ]
1292 verbose reify failed optional dependency C:\ctr\node_modules\@rollup\rollup-linux-loong64-gnu
1293 silly reify mark deleted [ 'C:\\ctr\\node_modules\\@rollup\\rollup-linux-loong64-gnu' ]
1294 verbose reify failed optional dependency C:\ctr\node_modules\@rollup\rollup-linux-arm64-musl
1295 silly reify mark deleted [ 'C:\\ctr\\node_modules\\@rollup\\rollup-linux-arm64-musl' ]
1296 verbose reify failed optional dependency C:\ctr\node_modules\@rollup\rollup-linux-arm64-gnu
1297 silly reify mark deleted [ 'C:\\ctr\\node_modules\\@rollup\\rollup-linux-arm64-gnu' ]
1298 verbose reify failed optional dependency C:\ctr\node_modules\@rollup\rollup-linux-arm-musleabihf
1299 silly reify mark deleted [ 'C:\\ctr\\node_modules\\@rollup\\rollup-linux-arm-musleabihf' ]
1300 verbose reify failed optional dependency C:\ctr\node_modules\@rollup\rollup-linux-arm-gnueabihf
1301 silly reify mark deleted [ 'C:\\ctr\\node_modules\\@rollup\\rollup-linux-arm-gnueabihf' ]
1302 verbose reify failed optional dependency C:\ctr\node_modules\@rollup\rollup-freebsd-x64
1303 silly reify mark deleted [ 'C:\\ctr\\node_modules\\@rollup\\rollup-freebsd-x64' ]
1304 verbose reify failed optional dependency C:\ctr\node_modules\@rollup\rollup-freebsd-arm64
1305 silly reify mark deleted [ 'C:\\ctr\\node_modules\\@rollup\\rollup-freebsd-arm64' ]
1306 verbose reify failed optional dependency C:\ctr\node_modules\@rollup\rollup-darwin-x64
1307 silly reify mark deleted [ 'C:\\ctr\\node_modules\\@rollup\\rollup-darwin-x64' ]
1308 verbose reify failed optional dependency C:\ctr\node_modules\@rollup\rollup-darwin-arm64
1309 silly reify mark deleted [ 'C:\\ctr\\node_modules\\@rollup\\rollup-darwin-arm64' ]
1310 verbose reify failed optional dependency C:\ctr\node_modules\@rollup\rollup-android-arm64
1311 silly reify mark deleted [ 'C:\\ctr\\node_modules\\@rollup\\rollup-android-arm64' ]
1312 verbose reify failed optional dependency C:\ctr\node_modules\@rollup\rollup-android-arm-eabi
1313 silly reify mark deleted [ 'C:\\ctr\\node_modules\\@rollup\\rollup-android-arm-eabi' ]
1314 verbose reify failed optional dependency C:\ctr\node_modules\@esbuild\win32-ia32
1315 silly reify mark deleted [ 'C:\\ctr\\node_modules\\@esbuild\\win32-ia32' ]
1316 verbose reify failed optional dependency C:\ctr\node_modules\@esbuild\win32-arm64
1317 silly reify mark deleted [ 'C:\\ctr\\node_modules\\@esbuild\\win32-arm64' ]
1318 verbose reify failed optional dependency C:\ctr\node_modules\@esbuild\sunos-x64
1319 silly reify mark deleted [ 'C:\\ctr\\node_modules\\@esbuild\\sunos-x64' ]
1320 verbose reify failed optional dependency C:\ctr\node_modules\@esbuild\openharmony-arm64
1321 silly reify mark deleted [ 'C:\\ctr\\node_modules\\@esbuild\\openharmony-arm64' ]
1322 verbose reify failed optional dependency C:\ctr\node_modules\@esbuild\openbsd-x64
1323 silly reify mark deleted [ 'C:\\ctr\\node_modules\\@esbuild\\openbsd-x64' ]
1324 verbose reify failed optional dependency C:\ctr\node_modules\@esbuild\openbsd-arm64
1325 silly reify mark deleted [ 'C:\\ctr\\node_modules\\@esbuild\\openbsd-arm64' ]
1326 verbose reify failed optional dependency C:\ctr\node_modules\@esbuild\netbsd-x64
1327 silly reify mark deleted [ 'C:\\ctr\\node_modules\\@esbuild\\netbsd-x64' ]
1328 verbose reify failed optional dependency C:\ctr\node_modules\@esbuild\netbsd-arm64
1329 silly reify mark deleted [ 'C:\\ctr\\node_modules\\@esbuild\\netbsd-arm64' ]
1330 verbose reify failed optional dependency C:\ctr\node_modules\@esbuild\linux-x64
1331 silly reify mark deleted [ 'C:\\ctr\\node_modules\\@esbuild\\linux-x64' ]
1332 verbose reify failed optional dependency C:\ctr\node_modules\@esbuild\linux-s390x
1333 silly reify mark deleted [ 'C:\\ctr\\node_modules\\@esbuild\\linux-s390x' ]
1334 verbose reify failed optional dependency C:\ctr\node_modules\@esbuild\linux-riscv64
1335 silly reify mark deleted [ 'C:\\ctr\\node_modules\\@esbuild\\linux-riscv64' ]
1336 verbose reify failed optional dependency C:\ctr\node_modules\@esbuild\linux-ppc64
1337 silly reify mark deleted [ 'C:\\ctr\\node_modules\\@esbuild\\linux-ppc64' ]
1338 verbose reify failed optional dependency C:\ctr\node_modules\@esbuild\linux-mips64el
1339 silly reify mark deleted [ 'C:\\ctr\\node_modules\\@esbuild\\linux-mips64el' ]
1340 verbose reify failed optional dependency C:\ctr\node_modules\@esbuild\linux-loong64
1341 silly reify mark deleted [ 'C:\\ctr\\node_modules\\@esbuild\\linux-loong64' ]
1342 verbose reify failed optional dependency C:\ctr\node_modules\@esbuild\linux-ia32
1343 silly reify mark deleted [ 'C:\\ctr\\node_modules\\@esbuild\\linux-ia32' ]
1344 verbose reify failed optional dependency C:\ctr\node_modules\@esbuild\linux-arm64
1345 silly reify mark deleted [ 'C:\\ctr\\node_modules\\@esbuild\\linux-arm64' ]
1346 verbose reify failed optional dependency C:\ctr\node_modules\@esbuild\linux-arm
1347 silly reify mark deleted [ 'C:\\ctr\\node_modules\\@esbuild\\linux-arm' ]
1348 verbose reify failed optional dependency C:\ctr\node_modules\@esbuild\freebsd-x64
1349 silly reify mark deleted [ 'C:\\ctr\\node_modules\\@esbuild\\freebsd-x64' ]
1350 verbose reify failed optional dependency C:\ctr\node_modules\@esbuild\freebsd-arm64
1351 silly reify mark deleted [ 'C:\\ctr\\node_modules\\@esbuild\\freebsd-arm64' ]
1352 verbose reify failed optional dependency C:\ctr\node_modules\@esbuild\darwin-x64
1353 silly reify mark deleted [ 'C:\\ctr\\node_modules\\@esbuild\\darwin-x64' ]
1354 verbose reify failed optional dependency C:\ctr\node_modules\@esbuild\darwin-arm64
1355 silly reify mark deleted [ 'C:\\ctr\\node_modules\\@esbuild\\darwin-arm64' ]
1356 verbose reify failed optional dependency C:\ctr\node_modules\@esbuild\android-x64
1357 silly reify mark deleted [ 'C:\\ctr\\node_modules\\@esbuild\\android-x64' ]
1358 verbose reify failed optional dependency C:\ctr\node_modules\@esbuild\android-arm64
1359 silly reify mark deleted [ 'C:\\ctr\\node_modules\\@esbuild\\android-arm64' ]
1360 verbose reify failed optional dependency C:\ctr\node_modules\@esbuild\android-arm
1361 silly reify mark deleted [ 'C:\\ctr\\node_modules\\@esbuild\\android-arm' ]
1362 verbose reify failed optional dependency C:\ctr\node_modules\@esbuild\aix-ppc64
1363 silly reify mark deleted [ 'C:\\ctr\\node_modules\\@esbuild\\aix-ppc64' ]
1364 verbose reify failed optional dependency C:\ctr\node_modules\fsevents
1365 silly reify mark deleted [ 'C:\\ctr\\node_modules\\fsevents' ]
1366 verbose reify failed optional dependency C:\ctr\node_modules\@parcel\watcher-win32-ia32
1367 silly reify mark deleted [ 'C:\\ctr\\node_modules\\@parcel\\watcher-win32-ia32' ]
1368 verbose reify failed optional dependency C:\ctr\node_modules\@parcel\watcher-win32-arm64
1369 silly reify mark deleted [ 'C:\\ctr\\node_modules\\@parcel\\watcher-win32-arm64' ]
1370 verbose reify failed optional dependency C:\ctr\node_modules\@parcel\watcher-linux-x64-musl
1371 silly reify mark deleted [ 'C:\\ctr\\node_modules\\@parcel\\watcher-linux-x64-musl' ]
1372 verbose reify failed optional dependency C:\ctr\node_modules\@parcel\watcher-linux-x64-glibc
1373 silly reify mark deleted [ 'C:\\ctr\\node_modules\\@parcel\\watcher-linux-x64-glibc' ]
1374 verbose reify failed optional dependency C:\ctr\node_modules\@parcel\watcher-linux-arm64-musl
1375 silly reify mark deleted [ 'C:\\ctr\\node_modules\\@parcel\\watcher-linux-arm64-musl' ]
1376 verbose reify failed optional dependency C:\ctr\node_modules\@parcel\watcher-linux-arm64-glibc
1377 silly reify mark deleted [ 'C:\\ctr\\node_modules\\@parcel\\watcher-linux-arm64-glibc' ]
1378 verbose reify failed optional dependency C:\ctr\node_modules\@parcel\watcher-linux-arm-musl
1379 silly reify mark deleted [ 'C:\\ctr\\node_modules\\@parcel\\watcher-linux-arm-musl' ]
1380 verbose reify failed optional dependency C:\ctr\node_modules\@parcel\watcher-linux-arm-glibc
1381 silly reify mark deleted [ 'C:\\ctr\\node_modules\\@parcel\\watcher-linux-arm-glibc' ]
1382 verbose reify failed optional dependency C:\ctr\node_modules\@parcel\watcher-freebsd-x64
1383 silly reify mark deleted [ 'C:\\ctr\\node_modules\\@parcel\\watcher-freebsd-x64' ]
1384 verbose reify failed optional dependency C:\ctr\node_modules\@parcel\watcher-darwin-x64
1385 silly reify mark deleted [ 'C:\\ctr\\node_modules\\@parcel\\watcher-darwin-x64' ]
1386 verbose reify failed optional dependency C:\ctr\node_modules\@parcel\watcher-darwin-arm64
1387 silly reify mark deleted [ 'C:\\ctr\\node_modules\\@parcel\\watcher-darwin-arm64' ]
1388 verbose reify failed optional dependency C:\ctr\node_modules\@parcel\watcher-android-arm64
1389 silly reify mark deleted [ 'C:\\ctr\\node_modules\\@parcel\\watcher-android-arm64' ]
1390 http cache wrap-ansi@https://registry.npmjs.org/wrap-ansi/-/wrap-ansi-7.0.0.tgz 0ms (cache hit)
1391 http cache tinyglobby@https://registry.npmjs.org/tinyglobby/-/tinyglobby-0.2.17.tgz 0ms (cache hit)
1392 http cache vite@https://registry.npmjs.org/vite/-/vite-6.4.2.tgz 0ms (cache hit)
1393 http cache @rollup/rollup-win32-x64-gnu@https://registry.npmjs.org/@rollup/rollup-win32-x64-gnu/-/rollup-win32-x64-gnu-4.60.4.tgz 0ms (cache hit)
1394 http cache fdir@https://registry.npmjs.org/fdir/-/fdir-6.5.0.tgz 0ms (cache hit)
1395 http cache debug@https://registry.npmjs.org/debug/-/debug-4.4.3.tgz 0ms (cache hit)
1396 http cache agent-base@https://registry.npmjs.org/agent-base/-/agent-base-6.0.2.tgz 0ms (cache hit)
1397 http cache ms@https://registry.npmjs.org/ms/-/ms-2.1.3.tgz 0ms (cache hit)
1398 http cache baseline-browser-mapping@https://registry.npmjs.org/baseline-browser-mapping/-/baseline-browser-mapping-2.10.33.tgz 0ms (cache hit)
1399 http cache @types/estree@https://registry.npmjs.org/@types/estree/-/estree-1.0.8.tgz 0ms (cache hit)
1400 http cache https-proxy-agent@https://registry.npmjs.org/https-proxy-agent/-/https-proxy-agent-5.0.1.tgz 0ms (cache hit)
1401 http cache @parcel/watcher@https://registry.npmjs.org/@parcel/watcher/-/watcher-2.5.6.tgz 0ms (cache hit)
1402 http cache @rollup/rollup-win32-x64-msvc@https://registry.npmjs.org/@rollup/rollup-win32-x64-msvc/-/rollup-win32-x64-msvc-4.60.4.tgz 0ms (cache hit)
1403 http cache @parcel/watcher-win32-x64@https://registry.npmjs.org/@parcel/watcher-win32-x64/-/watcher-win32-x64-2.5.6.tgz 0ms (cache hit)
1404 http cache @jridgewell/gen-mapping@https://registry.npmjs.org/@jridgewell/gen-mapping/-/gen-mapping-0.3.13.tgz 0ms (cache hit)
1405 http cache @esbuild/win32-x64@https://registry.npmjs.org/@esbuild/win32-x64/-/win32-x64-0.25.12.tgz 0ms (cache hit)
1406 http cache @jridgewell/trace-mapping@https://registry.npmjs.org/@jridgewell/trace-mapping/-/trace-mapping-0.3.31.tgz 0ms (cache hit)
1407 http cache @jridgewell/sourcemap-codec@https://registry.npmjs.org/@jridgewell/sourcemap-codec/-/sourcemap-codec-1.5.5.tgz 0ms (cache hit)
1408 http cache update-browserslist-db@https://registry.npmjs.org/update-browserslist-db/-/update-browserslist-db-1.2.3.tgz 0ms (cache hit)
1409 silly tarball no local data for wrap-ansi@https://registry.npmjs.org/wrap-ansi/-/wrap-ansi-7.0.0.tgz. Extracting by manifest.
1410 http cache tailwindcss@https://registry.npmjs.org/tailwindcss/-/tailwindcss-3.4.19.tgz 0ms (cache hit)
1411 silly tarball no local data for tinyglobby@https://registry.npmjs.org/tinyglobby/-/tinyglobby-0.2.17.tgz. Extracting by manifest.
1412 silly tarball no local data for vite@https://registry.npmjs.org/vite/-/vite-6.4.2.tgz. Extracting by manifest.
1413 http cache strip-ansi@https://registry.npmjs.org/strip-ansi/-/strip-ansi-6.0.1.tgz 0ms (cache hit)
1414 http cache string-width@https://registry.npmjs.org/string-width/-/string-width-4.2.3.tgz 0ms (cache hit)
1415 http cache sucrase@https://registry.npmjs.org/sucrase/-/sucrase-3.35.1.tgz 0ms (cache hit)
1416 http cache sass@https://registry.npmjs.org/sass/-/sass-1.100.0.tgz 0ms (cache hit)
1417 http cache readdirp@https://registry.npmjs.org/readdirp/-/readdirp-5.0.0.tgz 0ms (cache hit)
1418 http cache proxy-from-env@https://registry.npmjs.org/proxy-from-env/-/proxy-from-env-2.1.0.tgz 0ms (cache hit)
1419 http cache rollup@https://registry.npmjs.org/rollup/-/rollup-4.60.4.tgz 0ms (cache hit)
1420 http cache postcss-js@https://registry.npmjs.org/postcss-js/-/postcss-js-4.1.0.tgz 0ms (cache hit)
1421 http cache postcss@https://registry.npmjs.org/postcss/-/postcss-8.5.15.tgz 0ms (cache hit)
1422 http cache resolve@https://registry.npmjs.org/resolve/-/resolve-1.22.12.tgz 0ms (cache hit)
1423 http cache postcss-load-config@https://registry.npmjs.org/postcss-load-config/-/postcss-load-config-6.0.1.tgz 0ms (cache hit)
1424 http cache picomatch@https://registry.npmjs.org/picomatch/-/picomatch-4.0.4.tgz 0ms (cache hit)
1425 http cache node-releases@https://registry.npmjs.org/node-releases/-/node-releases-2.0.46.tgz 0ms (cache hit)
1426 http cache nanoid@https://registry.npmjs.org/nanoid/-/nanoid-3.3.12.tgz 0ms (cache hit)
1427 http cache is-core-module@https://registry.npmjs.org/is-core-module/-/is-core-module-2.16.2.tgz 0ms (cache hit)
1428 http cache hasown@https://registry.npmjs.org/hasown/-/hasown-2.0.4.tgz 0ms (cache hit)
1429 http cache immutable@https://registry.npmjs.org/immutable/-/immutable-5.1.6.tgz 0ms (cache hit)
1430 http cache fraction.js@https://registry.npmjs.org/fraction.js/-/fraction.js-5.3.4.tgz 0ms (cache hit)
1431 http cache form-data@https://registry.npmjs.org/form-data/-/form-data-4.0.5.tgz 0ms (cache hit)
1432 http cache follow-redirects@https://registry.npmjs.org/follow-redirects/-/follow-redirects-1.16.0.tgz 0ms (cache hit)
1433 http cache fastq@https://registry.npmjs.org/fastq/-/fastq-1.20.1.tgz 0ms (cache hit)
1434 http cache emoji-regex@https://registry.npmjs.org/emoji-regex/-/emoji-regex-8.0.0.tgz 0ms (cache hit)
1435 http cache es-object-atoms@https://registry.npmjs.org/es-object-atoms/-/es-object-atoms-1.1.2.tgz 0ms (cache hit)
1436 http cache esbuild@https://registry.npmjs.org/esbuild/-/esbuild-0.25.12.tgz 0ms (cache hit)
1437 http cache electron-to-chromium@https://registry.npmjs.org/electron-to-chromium/-/electron-to-chromium-1.5.364.tgz 0ms (cache hit)
1438 http cache detect-libc@https://registry.npmjs.org/detect-libc/-/detect-libc-2.1.2.tgz 0ms (cache hit)
1439 http cache concurrently@https://registry.npmjs.org/concurrently/-/concurrently-9.2.1.tgz 0ms (cache hit)
1440 http cache caniuse-lite@https://registry.npmjs.org/caniuse-lite/-/caniuse-lite-1.0.30001793.tgz 0ms (cache hit)
1441 http cache chokidar@https://registry.npmjs.org/chokidar/-/chokidar-5.0.0.tgz 0ms (cache hit)
1442 http cache bootstrap@https://registry.npmjs.org/bootstrap/-/bootstrap-5.3.8.tgz 0ms (cache hit)
1443 http cache axios@https://registry.npmjs.org/axios/-/axios-1.16.1.tgz 0ms (cache hit)
1444 http cache browserslist@https://registry.npmjs.org/browserslist/-/browserslist-4.28.2.tgz 0ms (cache hit)
1445 http cache picomatch@https://registry.npmjs.org/picomatch/-/picomatch-2.3.2.tgz 0ms (cache hit)
1446 http cache autoprefixer@https://registry.npmjs.org/autoprefixer/-/autoprefixer-10.5.0.tgz 0ms (cache hit)
1447 http cache ansi-regex@https://registry.npmjs.org/ansi-regex/-/ansi-regex-5.0.1.tgz 0ms (cache hit)
1448 silly tarball no local data for @rollup/rollup-win32-x64-gnu@https://registry.npmjs.org/@rollup/rollup-win32-x64-gnu/-/rollup-win32-x64-gnu-4.60.4.tgz. Extracting by manifest.
1449 silly tarball no local data for fdir@https://registry.npmjs.org/fdir/-/fdir-6.5.0.tgz. Extracting by manifest.
1450 http cache picomatch@https://registry.npmjs.org/picomatch/-/picomatch-2.3.2.tgz 0ms (cache hit)
1451 silly tarball no local data for debug@https://registry.npmjs.org/debug/-/debug-4.4.3.tgz. Extracting by manifest.
1452 silly tarball no local data for agent-base@https://registry.npmjs.org/agent-base/-/agent-base-6.0.2.tgz. Extracting by manifest.
1453 silly tarball no local data for ms@https://registry.npmjs.org/ms/-/ms-2.1.3.tgz. Extracting by manifest.
1454 silly tarball no local data for baseline-browser-mapping@https://registry.npmjs.org/baseline-browser-mapping/-/baseline-browser-mapping-2.10.33.tgz. Extracting by manifest.
1455 silly tarball no local data for @types/estree@https://registry.npmjs.org/@types/estree/-/estree-1.0.8.tgz. Extracting by manifest.
1456 silly tarball no local data for https-proxy-agent@https://registry.npmjs.org/https-proxy-agent/-/https-proxy-agent-5.0.1.tgz. Extracting by manifest.
1457 silly tarball no local data for @parcel/watcher@https://registry.npmjs.org/@parcel/watcher/-/watcher-2.5.6.tgz. Extracting by manifest.
1458 silly tarball no local data for @rollup/rollup-win32-x64-msvc@https://registry.npmjs.org/@rollup/rollup-win32-x64-msvc/-/rollup-win32-x64-msvc-4.60.4.tgz. Extracting by manifest.
1459 silly tarball no local data for @parcel/watcher-win32-x64@https://registry.npmjs.org/@parcel/watcher-win32-x64/-/watcher-win32-x64-2.5.6.tgz. Extracting by manifest.
1460 silly tarball no local data for @jridgewell/gen-mapping@https://registry.npmjs.org/@jridgewell/gen-mapping/-/gen-mapping-0.3.13.tgz. Extracting by manifest.
1461 silly tarball no local data for @esbuild/win32-x64@https://registry.npmjs.org/@esbuild/win32-x64/-/win32-x64-0.25.12.tgz. Extracting by manifest.
1462 silly tarball no local data for @jridgewell/trace-mapping@https://registry.npmjs.org/@jridgewell/trace-mapping/-/trace-mapping-0.3.31.tgz. Extracting by manifest.
1463 silly tarball no local data for @jridgewell/sourcemap-codec@https://registry.npmjs.org/@jridgewell/sourcemap-codec/-/sourcemap-codec-1.5.5.tgz. Extracting by manifest.
1464 silly tarball no local data for update-browserslist-db@https://registry.npmjs.org/update-browserslist-db/-/update-browserslist-db-1.2.3.tgz. Extracting by manifest.
1465 silly tarball no local data for tailwindcss@https://registry.npmjs.org/tailwindcss/-/tailwindcss-3.4.19.tgz. Extracting by manifest.
1466 http cache picomatch@https://registry.npmjs.org/picomatch/-/picomatch-2.3.2.tgz 0ms (cache hit)
1467 http cache picomatch@https://registry.npmjs.org/picomatch/-/picomatch-2.3.2.tgz 0ms (cache hit)
1468 silly tarball no local data for strip-ansi@https://registry.npmjs.org/strip-ansi/-/strip-ansi-6.0.1.tgz. Extracting by manifest.
1469 silly tarball no local data for string-width@https://registry.npmjs.org/string-width/-/string-width-4.2.3.tgz. Extracting by manifest.
1470 silly tarball no local data for sucrase@https://registry.npmjs.org/sucrase/-/sucrase-3.35.1.tgz. Extracting by manifest.
1471 silly tarball no local data for sass@https://registry.npmjs.org/sass/-/sass-1.100.0.tgz. Extracting by manifest.
1472 silly tarball no local data for readdirp@https://registry.npmjs.org/readdirp/-/readdirp-5.0.0.tgz. Extracting by manifest.
1473 silly tarball no local data for proxy-from-env@https://registry.npmjs.org/proxy-from-env/-/proxy-from-env-2.1.0.tgz. Extracting by manifest.
1474 silly tarball no local data for rollup@https://registry.npmjs.org/rollup/-/rollup-4.60.4.tgz. Extracting by manifest.
1475 silly tarball no local data for postcss-js@https://registry.npmjs.org/postcss-js/-/postcss-js-4.1.0.tgz. Extracting by manifest.
1476 silly tarball no local data for postcss@https://registry.npmjs.org/postcss/-/postcss-8.5.15.tgz. Extracting by manifest.
1477 silly tarball no local data for resolve@https://registry.npmjs.org/resolve/-/resolve-1.22.12.tgz. Extracting by manifest.
1478 silly tarball no local data for postcss-load-config@https://registry.npmjs.org/postcss-load-config/-/postcss-load-config-6.0.1.tgz. Extracting by manifest.
1479 silly tarball no local data for picomatch@https://registry.npmjs.org/picomatch/-/picomatch-4.0.4.tgz. Extracting by manifest.
1480 silly tarball no local data for node-releases@https://registry.npmjs.org/node-releases/-/node-releases-2.0.46.tgz. Extracting by manifest.
1481 silly tarball no local data for nanoid@https://registry.npmjs.org/nanoid/-/nanoid-3.3.12.tgz. Extracting by manifest.
1482 silly tarball no local data for is-core-module@https://registry.npmjs.org/is-core-module/-/is-core-module-2.16.2.tgz. Extracting by manifest.
1483 silly tarball no local data for hasown@https://registry.npmjs.org/hasown/-/hasown-2.0.4.tgz. Extracting by manifest.
1484 silly tarball no local data for immutable@https://registry.npmjs.org/immutable/-/immutable-5.1.6.tgz. Extracting by manifest.
1485 silly tarball no local data for fraction.js@https://registry.npmjs.org/fraction.js/-/fraction.js-5.3.4.tgz. Extracting by manifest.
1486 silly tarball no local data for form-data@https://registry.npmjs.org/form-data/-/form-data-4.0.5.tgz. Extracting by manifest.
1487 silly tarball no local data for follow-redirects@https://registry.npmjs.org/follow-redirects/-/follow-redirects-1.16.0.tgz. Extracting by manifest.
1488 silly tarball no local data for fastq@https://registry.npmjs.org/fastq/-/fastq-1.20.1.tgz. Extracting by manifest.
1489 silly tarball no local data for emoji-regex@https://registry.npmjs.org/emoji-regex/-/emoji-regex-8.0.0.tgz. Extracting by manifest.
1490 silly tarball no local data for es-object-atoms@https://registry.npmjs.org/es-object-atoms/-/es-object-atoms-1.1.2.tgz. Extracting by manifest.
1491 silly tarball no local data for esbuild@https://registry.npmjs.org/esbuild/-/esbuild-0.25.12.tgz. Extracting by manifest.
1492 silly tarball no local data for electron-to-chromium@https://registry.npmjs.org/electron-to-chromium/-/electron-to-chromium-1.5.364.tgz. Extracting by manifest.
1493 silly tarball no local data for detect-libc@https://registry.npmjs.org/detect-libc/-/detect-libc-2.1.2.tgz. Extracting by manifest.
1494 silly tarball no local data for concurrently@https://registry.npmjs.org/concurrently/-/concurrently-9.2.1.tgz. Extracting by manifest.
1495 silly tarball no local data for caniuse-lite@https://registry.npmjs.org/caniuse-lite/-/caniuse-lite-1.0.30001793.tgz. Extracting by manifest.
1496 silly tarball no local data for chokidar@https://registry.npmjs.org/chokidar/-/chokidar-5.0.0.tgz. Extracting by manifest.
1497 silly tarball no local data for bootstrap@https://registry.npmjs.org/bootstrap/-/bootstrap-5.3.8.tgz. Extracting by manifest.
1498 silly tarball no local data for axios@https://registry.npmjs.org/axios/-/axios-1.16.1.tgz. Extracting by manifest.
1499 silly tarball no local data for browserslist@https://registry.npmjs.org/browserslist/-/browserslist-4.28.2.tgz. Extracting by manifest.
1500 silly tarball no local data for picomatch@https://registry.npmjs.org/picomatch/-/picomatch-2.3.2.tgz. Extracting by manifest.
1501 silly tarball no local data for autoprefixer@https://registry.npmjs.org/autoprefixer/-/autoprefixer-10.5.0.tgz. Extracting by manifest.
1502 silly tarball no local data for ansi-regex@https://registry.npmjs.org/ansi-regex/-/ansi-regex-5.0.1.tgz. Extracting by manifest.
1503 silly tarball no local data for picomatch@https://registry.npmjs.org/picomatch/-/picomatch-2.3.2.tgz. Extracting by manifest.
1504 silly tarball no local data for picomatch@https://registry.npmjs.org/picomatch/-/picomatch-2.3.2.tgz. Extracting by manifest.
1505 silly tarball no local data for picomatch@https://registry.npmjs.org/picomatch/-/picomatch-2.3.2.tgz. Extracting by manifest.
1506 http fetch POST 200 https://registry.npmjs.org/-/npm/v1/security/advisories/bulk 406ms
1507 silly audit report {}
1508 http fetch GET 200 https://registry.npmjs.org/wrap-ansi/-/wrap-ansi-7.0.0.tgz 342ms (cache miss)
1509 http fetch GET 200 https://registry.npmjs.org/debug/-/debug-4.4.3.tgz 325ms (cache miss)
1510 http fetch GET 200 https://registry.npmjs.org/tinyglobby/-/tinyglobby-0.2.17.tgz 345ms (cache miss)
1511 http fetch GET 200 https://registry.npmjs.org/fdir/-/fdir-6.5.0.tgz 346ms (cache miss)
1512 http fetch GET 200 https://registry.npmjs.org/update-browserslist-db/-/update-browserslist-db-1.2.3.tgz 608ms (cache miss)
1513 http fetch GET 200 https://registry.npmjs.org/@jridgewell/gen-mapping/-/gen-mapping-0.3.13.tgz 701ms (cache miss)
1514 http fetch GET 200 https://registry.npmjs.org/@jridgewell/sourcemap-codec/-/sourcemap-codec-1.5.5.tgz 706ms (cache miss)
1515 http fetch GET 200 https://registry.npmjs.org/@jridgewell/trace-mapping/-/trace-mapping-0.3.31.tgz 802ms (cache miss)
1516 http fetch GET 200 https://registry.npmjs.org/strip-ansi/-/strip-ansi-6.0.1.tgz 991ms (cache miss)
1517 http fetch GET 200 https://registry.npmjs.org/string-width/-/string-width-4.2.3.tgz 1127ms (cache miss)
1518 http fetch GET 200 https://registry.npmjs.org/sucrase/-/sucrase-3.35.1.tgz 2394ms (cache miss)
1519 http fetch GET 200 https://registry.npmjs.org/ms/-/ms-2.1.3.tgz 2716ms (cache miss)
1520 http fetch GET 200 https://registry.npmjs.org/readdirp/-/readdirp-5.0.0.tgz 3070ms (cache miss)
1521 http fetch GET 200 https://registry.npmjs.org/proxy-from-env/-/proxy-from-env-2.1.0.tgz 3082ms (cache miss)
1522 http fetch GET 200 https://registry.npmjs.org/@types/estree/-/estree-1.0.8.tgz 3280ms (cache miss)
1523 http fetch GET 200 https://registry.npmjs.org/agent-base/-/agent-base-6.0.2.tgz 3482ms (cache miss)
1524 http fetch GET 200 https://registry.npmjs.org/https-proxy-agent/-/https-proxy-agent-5.0.1.tgz 3480ms (cache miss)
1525 http fetch GET 200 https://registry.npmjs.org/postcss-js/-/postcss-js-4.1.0.tgz 3477ms (cache miss)
1526 http fetch GET 200 https://registry.npmjs.org/node-releases/-/node-releases-2.0.46.tgz 3491ms (cache miss)
1527 http fetch GET 200 https://registry.npmjs.org/postcss-load-config/-/postcss-load-config-6.0.1.tgz 3581ms (cache miss)
1528 http fetch GET 200 https://registry.npmjs.org/@rollup/rollup-win32-x64-gnu/-/rollup-win32-x64-gnu-4.60.4.tgz 3615ms (cache miss)
1529 http fetch GET 200 https://registry.npmjs.org/baseline-browser-mapping/-/baseline-browser-mapping-2.10.33.tgz 3618ms (cache miss)
1530 http fetch GET 200 https://registry.npmjs.org/picomatch/-/picomatch-4.0.4.tgz 3660ms (cache miss)
1531 http fetch GET 200 https://registry.npmjs.org/hasown/-/hasown-2.0.4.tgz 3697ms (cache miss)
1532 http fetch GET 200 https://registry.npmjs.org/is-core-module/-/is-core-module-2.16.2.tgz 3773ms (cache miss)
1533 http fetch GET 200 https://registry.npmjs.org/nanoid/-/nanoid-3.3.12.tgz 3835ms (cache miss)
1534 http fetch GET 200 https://registry.npmjs.org/form-data/-/form-data-4.0.5.tgz 3881ms (cache miss)
1535 http fetch GET 200 https://registry.npmjs.org/follow-redirects/-/follow-redirects-1.16.0.tgz 3898ms (cache miss)
1536 http fetch GET 200 https://registry.npmjs.org/emoji-regex/-/emoji-regex-8.0.0.tgz 3899ms (cache miss)
1537 http fetch GET 200 https://registry.npmjs.org/fastq/-/fastq-1.20.1.tgz 3924ms (cache miss)
1538 http fetch GET 200 https://registry.npmjs.org/esbuild/-/esbuild-0.25.12.tgz 3939ms (cache miss)
1539 http fetch GET 200 https://registry.npmjs.org/vite/-/vite-6.4.2.tgz 3996ms (cache miss)
1540 http fetch GET 200 https://registry.npmjs.org/immutable/-/immutable-5.1.6.tgz 3994ms (cache miss)
1541 http fetch GET 200 https://registry.npmjs.org/es-object-atoms/-/es-object-atoms-1.1.2.tgz 4006ms (cache miss)
1542 http fetch GET 200 https://registry.npmjs.org/detect-libc/-/detect-libc-2.1.2.tgz 4021ms (cache miss)
1543 http fetch GET 200 https://registry.npmjs.org/fraction.js/-/fraction.js-5.3.4.tgz 4039ms (cache miss)
1544 http fetch GET 200 https://registry.npmjs.org/@parcel/watcher/-/watcher-2.5.6.tgz 4081ms (cache miss)
1545 http fetch GET 200 https://registry.npmjs.org/electron-to-chromium/-/electron-to-chromium-1.5.364.tgz 4135ms (cache miss)
1546 http fetch GET 200 https://registry.npmjs.org/chokidar/-/chokidar-5.0.0.tgz 4133ms (cache miss)
1547 http fetch GET 200 https://registry.npmjs.org/postcss/-/postcss-8.5.15.tgz 4242ms (cache miss)
1548 http fetch GET 200 https://registry.npmjs.org/picomatch/-/picomatch-2.3.2.tgz 4305ms (cache miss)
1549 http fetch GET 200 https://registry.npmjs.org/browserslist/-/browserslist-4.28.2.tgz 4308ms (cache miss)
1550 http fetch GET 200 https://registry.npmjs.org/ansi-regex/-/ansi-regex-5.0.1.tgz 4374ms (cache miss)
1551 http fetch GET 200 https://registry.npmjs.org/@parcel/watcher-win32-x64/-/watcher-win32-x64-2.5.6.tgz 4473ms (cache miss)
1552 http fetch GET 200 https://registry.npmjs.org/picomatch/-/picomatch-2.3.2.tgz 4483ms (cache miss)
1553 http fetch GET 200 https://registry.npmjs.org/picomatch/-/picomatch-2.3.2.tgz 4486ms (cache miss)
1554 http fetch GET 200 https://registry.npmjs.org/sass/-/sass-1.100.0.tgz 4614ms (cache miss)
1555 http fetch GET 200 https://registry.npmjs.org/@esbuild/win32-x64/-/win32-x64-0.25.12.tgz 4632ms (cache miss)
1556 http fetch GET 200 https://registry.npmjs.org/picomatch/-/picomatch-2.3.2.tgz 4561ms (cache miss)
1557 http fetch GET 200 https://registry.npmjs.org/resolve/-/resolve-1.22.12.tgz 4735ms (cache miss)
1558 http fetch GET 200 https://registry.npmjs.org/concurrently/-/concurrently-9.2.1.tgz 4801ms (cache miss)
1559 http fetch GET 200 https://registry.npmjs.org/autoprefixer/-/autoprefixer-10.5.0.tgz 4802ms (cache miss)
1560 http fetch GET 200 https://registry.npmjs.org/tailwindcss/-/tailwindcss-3.4.19.tgz 4881ms (cache miss)
1561 http fetch GET 200 https://registry.npmjs.org/rollup/-/rollup-4.60.4.tgz 5361ms (cache miss)
1562 http fetch GET 200 https://registry.npmjs.org/@rollup/rollup-win32-x64-msvc/-/rollup-win32-x64-msvc-4.60.4.tgz 5747ms (cache miss)
1563 http fetch GET 200 https://registry.npmjs.org/bootstrap/-/bootstrap-5.3.8.tgz 5721ms (cache miss)
1564 http fetch GET 200 https://registry.npmjs.org/axios/-/axios-1.16.1.tgz 6055ms (cache miss)
1565 http fetch GET 200 https://registry.npmjs.org/caniuse-lite/-/caniuse-lite-1.0.30001793.tgz 7739ms (cache miss)
1566 info run @parcel/watcher@2.5.6 install node_modules/@parcel/watcher node scripts/build-from-source.js
1567 info run @parcel/watcher@2.5.6 install { code: 0, signal: null }
1568 info run esbuild@0.25.12 postinstall node_modules/esbuild node install.js
1569 info run esbuild@0.25.12 postinstall { code: 0, signal: null }
1570 silly ADD node_modules/@rollup/rollup-win32-x64-gnu
1571 silly ADD node_modules/@rollup/rollup-win32-ia32-msvc
1572 silly ADD node_modules/@rollup/rollup-win32-arm64-msvc
1573 silly ADD node_modules/@rollup/rollup-openharmony-arm64
1574 silly ADD node_modules/@rollup/rollup-openbsd-x64
1575 silly ADD node_modules/@rollup/rollup-linux-x64-musl
1576 silly ADD node_modules/@rollup/rollup-linux-x64-gnu
1577 silly ADD node_modules/@rollup/rollup-linux-s390x-gnu
1578 silly ADD node_modules/@rollup/rollup-linux-riscv64-musl
1579 silly ADD node_modules/@rollup/rollup-linux-riscv64-gnu
1580 silly ADD node_modules/@rollup/rollup-linux-ppc64-musl
1581 silly ADD node_modules/@rollup/rollup-linux-ppc64-gnu
1582 silly ADD node_modules/@rollup/rollup-linux-loong64-musl
1583 silly ADD node_modules/@rollup/rollup-linux-loong64-gnu
1584 silly ADD node_modules/@rollup/rollup-linux-arm64-musl
1585 silly ADD node_modules/@rollup/rollup-linux-arm64-gnu
1586 silly ADD node_modules/@rollup/rollup-linux-arm-musleabihf
1587 silly ADD node_modules/@rollup/rollup-linux-arm-gnueabihf
1588 silly ADD node_modules/@rollup/rollup-freebsd-x64
1589 silly ADD node_modules/@rollup/rollup-freebsd-arm64
1590 silly ADD node_modules/@rollup/rollup-darwin-x64
1591 silly ADD node_modules/@rollup/rollup-darwin-arm64
1592 silly ADD node_modules/@rollup/rollup-android-arm64
1593 silly ADD node_modules/@rollup/rollup-android-arm-eabi
1594 silly ADD node_modules/@esbuild/win32-ia32
1595 silly ADD node_modules/@esbuild/win32-arm64
1596 silly ADD node_modules/@esbuild/sunos-x64
1597 silly ADD node_modules/@esbuild/openharmony-arm64
1598 silly ADD node_modules/@esbuild/openbsd-x64
1599 silly ADD node_modules/@esbuild/openbsd-arm64
1600 silly ADD node_modules/@esbuild/netbsd-x64
1601 silly ADD node_modules/@esbuild/netbsd-arm64
1602 silly ADD node_modules/@esbuild/linux-x64
1603 silly ADD node_modules/@esbuild/linux-s390x
1604 silly ADD node_modules/@esbuild/linux-riscv64
1605 silly ADD node_modules/@esbuild/linux-ppc64
1606 silly ADD node_modules/@esbuild/linux-mips64el
1607 silly ADD node_modules/@esbuild/linux-loong64
1608 silly ADD node_modules/@esbuild/linux-ia32
1609 silly ADD node_modules/@esbuild/linux-arm64
1610 silly ADD node_modules/@esbuild/linux-arm
1611 silly ADD node_modules/@esbuild/freebsd-x64
1612 silly ADD node_modules/@esbuild/freebsd-arm64
1613 silly ADD node_modules/@esbuild/darwin-x64
1614 silly ADD node_modules/@esbuild/darwin-arm64
1615 silly ADD node_modules/@esbuild/android-x64
1616 silly ADD node_modules/@esbuild/android-arm64
1617 silly ADD node_modules/@esbuild/android-arm
1618 silly ADD node_modules/@esbuild/aix-ppc64
1619 silly ADD node_modules/fsevents
1620 silly ADD node_modules/fdir
1621 silly ADD node_modules/@parcel/watcher-win32-ia32
1622 silly ADD node_modules/@parcel/watcher-win32-arm64
1623 silly ADD node_modules/@parcel/watcher-linux-x64-musl
1624 silly ADD node_modules/@parcel/watcher-linux-x64-glibc
1625 silly ADD node_modules/@parcel/watcher-linux-arm64-musl
1626 silly ADD node_modules/@parcel/watcher-linux-arm64-glibc
1627 silly ADD node_modules/@parcel/watcher-linux-arm-musl
1628 silly ADD node_modules/@parcel/watcher-linux-arm-glibc
1629 silly ADD node_modules/@parcel/watcher-freebsd-x64
1630 silly ADD node_modules/@parcel/watcher-darwin-x64
1631 silly ADD node_modules/@parcel/watcher-darwin-arm64
1632 silly ADD node_modules/@parcel/watcher-android-arm64
1633 silly ADD node_modules/ms
1634 silly ADD node_modules/debug
1635 silly ADD node_modules/agent-base
1636 silly ADD node_modules/baseline-browser-mapping
1637 silly ADD node_modules/https-proxy-agent
1638 silly CHANGE node_modules/@types/estree
1639 silly REMOVE node_modules/@pkgjs/parseargs
1640 silly CHANGE node_modules/@parcel/watcher
1641 silly CHANGE node_modules/@rollup/rollup-win32-x64-msvc
1642 silly CHANGE node_modules/@parcel/watcher-win32-x64
1643 silly CHANGE node_modules/@jridgewell/gen-mapping
1644 silly CHANGE node_modules/@jridgewell/trace-mapping
1645 silly CHANGE node_modules/@esbuild/win32-x64
1646 silly CHANGE node_modules/@jridgewell/sourcemap-codec
1647 silly REMOVE node_modules/@jridgewell/set-array
1648 silly REMOVE node_modules/yaml
1649 silly REMOVE node_modules/yargs/node_modules/string-width
1650 silly REMOVE node_modules/yargs/node_modules/strip-ansi
1651 silly REMOVE node_modules/yargs/node_modules/ansi-regex
1652 silly REMOVE node_modules/yargs/node_modules/emoji-regex
1653 silly REMOVE node_modules/@isaacs/cliui
1654 silly CHANGE node_modules/wrap-ansi
1655 silly REMOVE node_modules/wrap-ansi/node_modules/ansi-styles
1656 silly REMOVE node_modules/wrap-ansi-cjs
1657 silly REMOVE node_modules/wrap-ansi-cjs/node_modules/string-width
1658 silly REMOVE node_modules/wrap-ansi-cjs/node_modules/emoji-regex
1659 silly REMOVE node_modules/wrap-ansi-cjs/node_modules/strip-ansi
1660 silly REMOVE node_modules/wrap-ansi-cjs/node_modules/ansi-regex
1661 silly REMOVE node_modules/which
1662 silly CHANGE node_modules/update-browserslist-db
1663 silly ADD node_modules/vite-plugin-full-reload/node_modules/picomatch
1664 silly CHANGE node_modules/tinyglobby
1665 silly REMOVE node_modules/tinyglobby/node_modules/picomatch
1666 silly REMOVE node_modules/tinyglobby/node_modules/fdir
1667 silly CHANGE node_modules/vite
1668 silly REMOVE node_modules/vite/node_modules/picomatch
1669 silly REMOVE node_modules/vite/node_modules/fdir
1670 silly CHANGE node_modules/tailwindcss
1671 silly ADD node_modules/tailwindcss/node_modules/picomatch
1672 silly CHANGE node_modules/strip-ansi
1673 silly REMOVE node_modules/strip-ansi-cjs
1674 silly REMOVE node_modules/strip-ansi-cjs/node_modules/ansi-regex
1675 silly CHANGE node_modules/string-width
1676 silly CHANGE node_modules/sucrase
1677 silly REMOVE node_modules/shebang-regex
1678 silly REMOVE node_modules/shebang-command
1679 silly REMOVE node_modules/string-width-cjs
1680 silly REMOVE node_modules/string-width-cjs/node_modules/strip-ansi
1681 silly REMOVE node_modules/string-width-cjs/node_modules/ansi-regex
1682 silly REMOVE node_modules/string-width-cjs/node_modules/emoji-regex
1683 silly CHANGE node_modules/sass
1684 silly REMOVE node_modules/signal-exit
1685 silly CHANGE node_modules/proxy-from-env
1686 silly CHANGE node_modules/rollup
1687 silly CHANGE node_modules/readdirp
1688 silly CHANGE node_modules/resolve
1689 silly CHANGE node_modules/postcss-js
1690 silly CHANGE node_modules/postcss-load-config
1691 silly CHANGE node_modules/postcss
1692 silly REMOVE node_modules/path-scurry
1693 silly REMOVE node_modules/path-key
1694 silly REMOVE node_modules/normalize-range
1695 silly CHANGE node_modules/picomatch
1696 silly REMOVE node_modules/package-json-from-dist
1697 silly CHANGE node_modules/node-releases
1698 silly CHANGE node_modules/nanoid
1699 silly ADD node_modules/micromatch/node_modules/picomatch
1700 silly REMOVE node_modules/minipass
1701 silly REMOVE node_modules/minimatch
1702 silly REMOVE node_modules/lru-cache
1703 silly REMOVE node_modules/lodash
1704 silly REMOVE node_modules/jackspeak
1705 silly REMOVE node_modules/isexe
1706 silly CHANGE node_modules/is-core-module
1707 silly CHANGE node_modules/hasown
1708 silly CHANGE node_modules/immutable
1709 silly REMOVE node_modules/glob
1710 silly REMOVE node_modules/foreground-child
1711 silly CHANGE node_modules/fraction.js
1712 silly CHANGE node_modules/form-data
1713 silly CHANGE node_modules/follow-redirects
1714 silly CHANGE node_modules/emoji-regex
1715 silly CHANGE node_modules/fastq
1716 silly CHANGE node_modules/es-object-atoms
1717 silly CHANGE node_modules/esbuild
1718 silly CHANGE node_modules/electron-to-chromium
1719 silly REMOVE node_modules/eastasianwidth
1720 silly CHANGE node_modules/detect-libc
1721 silly REMOVE node_modules/cross-spawn
1722 silly CHANGE node_modules/concurrently
1723 silly CHANGE node_modules/caniuse-lite
1724 silly CHANGE node_modules/chokidar
1725 silly REMOVE node_modules/cliui/node_modules/wrap-ansi
1726 silly REMOVE node_modules/cliui/node_modules/strip-ansi
1727 silly REMOVE node_modules/cliui/node_modules/emoji-regex
1728 silly REMOVE node_modules/cliui/node_modules/string-width
1729 silly REMOVE node_modules/cliui/node_modules/ansi-regex
1730 silly CHANGE node_modules/bootstrap
1731 silly CHANGE node_modules/browserslist
1732 silly REMOVE node_modules/balanced-match
1733 silly REMOVE node_modules/brace-expansion
1734 silly CHANGE node_modules/axios
1735 silly CHANGE node_modules/autoprefixer
1736 silly ADD node_modules/anymatch/node_modules/picomatch
1737 silly CHANGE node_modules/ansi-regex
1738 verbose cwd C:\ctr
1739 verbose os Windows_NT 10.0.26200
1740 verbose node v24.6.0
1741 verbose npm  v11.5.1
1742 verbose exit 0
1743 info ok
